STATE/UT,Region,Oil_type,Year,Production
CHANDIGARH,REGION - NORTH,MS/Petrol,2008,75.10267
DELHI,REGION - NORTH,MS/Petrol,2008,762.46914
HARYANA,REGION - NORTH,MS/Petrol,2008,480.9596
HIMACHAL PRADESH,REGION - NORTH,MS/Petrol,2008,77.02332
JAMMU & KASHMIR,REGION - NORTH,MS/Petrol,2008,102.46525
LADAKH,REGION - NORTH,MS/Petrol,2008,0
PUNJAB,REGION - NORTH,MS/Petrol,2008,502.66898
RAJASTHAN,REGION - NORTH,MS/Petrol,2008,526.81745
UTTAR PRADESH,REGION - NORTH,MS/Petrol,2008,974.70046
UTTARAKHAND,REGION - NORTH,MS/Petrol,2008,120.47933
ARUNACHAL PRADESH,REGION - NORTH EAST,MS/Petrol,2008,14.7567
ASSAM,REGION - NORTH EAST,MS/Petrol,2008,113.19274
MANIPUR,REGION - NORTH EAST,MS/Petrol,2008,21.48329
MEGHALAYA,REGION - NORTH EAST,MS/Petrol,2008,35.4378
MIZORAM,REGION - NORTH EAST,MS/Petrol,2008,12.77987
NAGALAND,REGION - NORTH EAST,MS/Petrol,2008,16.77135
SIKKIM,REGION - NORTH EAST,MS/Petrol,2008,8.37965
TRIPURA,REGION - NORTH EAST,MS/Petrol,2008,18.79661
ANDAMAN & NICOBAR,REGION - EAST,MS/Petrol,2008,8.00999
BIHAR,REGION - EAST,MS/Petrol,2008,185.40132
JHARKHAND,REGION - EAST,MS/Petrol,2008,164.11473
ODISHA,REGION - EAST,MS/Petrol,2008,233.5995
WEST BENGAL,REGION - EAST,MS/Petrol,2008,307.64365
CHHATTISGARH,REGION - WEST,MS/Petrol,2008,176.66757
DADRA & NAGAR HAVELI AND DAMAN & DIU,REGION - WEST,MS/Petrol,2008,24.51225
GOA,REGION - WEST,MS/Petrol,2008,84.06224
GUJARAT,REGION - WEST,MS/Petrol,2008,804.47128
MADHYA PRADESH,REGION - WEST,MS/Petrol,2008,470.21713
MAHARASHTRA,REGION - WEST,MS/Petrol,2008,1586.16005
ANDHRA PRADESH,REGION - SOUTH,MS/Petrol,2008,850.39972
KARNATAKA,REGION - SOUTH,MS/Petrol,2008,767.34743
KERALA,REGION - SOUTH,MS/Petrol,2008,607.99711
LAKSHADWEEP,REGION - SOUTH,MS/Petrol,2008,0
PUDUCHERRY,REGION - SOUTH,MS/Petrol,2008,71.69717
TAMIL NADU,REGION - SOUTH,MS/Petrol,2008,1051.20799
TELANGANA,REGION - SOUTH,MS/Petrol,2008,0
CHANDIGARH,REGION - NORTH,HSD/Diesel,2008,73.73712
DELHI,REGION - NORTH,HSD/Diesel,2008,1221.28794
HARYANA,REGION - NORTH,HSD/Diesel,2008,3579.82117
HIMACHAL PRADESH,REGION - NORTH,HSD/Diesel,2008,372.46266
JAMMU & KASHMIR,REGION - NORTH,HSD/Diesel,2008,422.84266
LADAKH,REGION - NORTH,HSD/Diesel,2008,
PUNJAB,REGION - NORTH,HSD/Diesel,2008,2631.11163
RAJASTHAN,REGION - NORTH,HSD/Diesel,2008,3298.08247
UTTAR PRADESH,REGION - NORTH,HSD/Diesel,2008,5259.99822
UTTARAKHAND,REGION - NORTH,HSD/Diesel,2008,454.9274
ARUNACHAL PRADESH,REGION - NORTH EAST,HSD/Diesel,2008,57.87158
ASSAM,REGION - NORTH EAST,HSD/Diesel,2008,570.10569
MANIPUR,REGION - NORTH EAST,HSD/Diesel,2008,51.48325
MEGHALAYA,REGION - NORTH EAST,HSD/Diesel,2008,234.4912
MIZORAM,REGION - NORTH EAST,HSD/Diesel,2008,33.90411
NAGALAND,REGION - NORTH EAST,HSD/Diesel,2008,29.25341
SIKKIM,REGION - NORTH EAST,HSD/Diesel,2008,33.77106
TRIPURA,REGION - NORTH EAST,HSD/Diesel,2008,59.50932
ANDAMAN & NICOBAR,REGION - EAST,HSD/Diesel,2008,92.91866
BIHAR,REGION - EAST,HSD/Diesel,2008,1425.14655
JHARKHAND,REGION - EAST,HSD/Diesel,2008,1032.86033
ODISHA,REGION - EAST,HSD/Diesel,2008,1411.97177
WEST BENGAL,REGION - EAST,HSD/Diesel,2008,2139.29712
CHHATTISGARH,REGION - WEST,HSD/Diesel,2008,903.08968
DADRA & NAGAR HAVELI AND DAMAN & DIU,REGION - WEST,HSD/Diesel,2008,112.83538
GOA,REGION - WEST,HSD/Diesel,2008,378.089
GUJARAT,REGION - WEST,HSD/Diesel,2008,3080.9268
MADHYA PRADESH,REGION - WEST,HSD/Diesel,2008,2071.572
MAHARASHTRA,REGION - WEST,HSD/Diesel,2008,5558.18091
ANDHRA PRADESH,REGION - SOUTH,HSD/Diesel,2008,5265.62873
KARNATAKA,REGION - SOUTH,HSD/Diesel,2008,3199.29835
KERALA,REGION - SOUTH,HSD/Diesel,2008,1655.75448
LAKSHADWEEP,REGION - SOUTH,HSD/Diesel,2008,15.65534
PUDUCHERRY,REGION - SOUTH,HSD/Diesel,2008,321.27267
TAMIL NADU,REGION - SOUTH,HSD/Diesel,2008,4599.62559
TELANGANA,REGION - SOUTH,HSD/Diesel,2008,0
CHANDIGARH,REGION - NORTH,MS/Petrol,2009,84.29482
DELHI,REGION - NORTH,MS/Petrol,2009,807.2443
HARYANA,REGION - NORTH,MS/Petrol,2009,558.71074
HIMACHAL PRADESH,REGION - NORTH,MS/Petrol,2009,91.88831
JAMMU & KASHMIR,REGION - NORTH,MS/Petrol,2009,119.45006
LADAKH,REGION - NORTH,MS/Petrol,2009,0
PUNJAB,REGION - NORTH,MS/Petrol,2009,557.96261
RAJASTHAN,REGION - NORTH,MS/Petrol,2009,615.39555
UTTAR PRADESH,REGION - NORTH,MS/Petrol,2009,1149.17601
UTTARAKHAND,REGION - NORTH,MS/Petrol,2009,142.32735
ARUNACHAL PRADESH,REGION - NORTH EAST,MS/Petrol,2009,18.66815
ASSAM,REGION - NORTH EAST,MS/Petrol,2009,133.12255
MANIPUR,REGION - NORTH EAST,MS/Petrol,2009,23.87722
MEGHALAYA,REGION - NORTH EAST,MS/Petrol,2009,41.9773
MIZORAM,REGION - NORTH EAST,MS/Petrol,2009,13.97942
NAGALAND,REGION - NORTH EAST,MS/Petrol,2009,19.45445
SIKKIM,REGION - NORTH EAST,MS/Petrol,2009,9.89027
TRIPURA,REGION - NORTH EAST,MS/Petrol,2009,22.53535
ANDAMAN & NICOBAR,REGION - EAST,MS/Petrol,2009,9.3102
BIHAR,REGION - EAST,MS/Petrol,2009,231.75937
JHARKHAND,REGION - EAST,MS/Petrol,2009,189.69961
ODISHA,REGION - EAST,MS/Petrol,2009,278.59649
WEST BENGAL,REGION - EAST,MS/Petrol,2009,348.82096
CHHATTISGARH,REGION - WEST,MS/Petrol,2009,208.31724
DADRA & NAGAR HAVELI AND DAMAN & DIU,REGION - WEST,MS/Petrol,2009,25.14949
GOA,REGION - WEST,MS/Petrol,2009,93.56923
GUJARAT,REGION - WEST,MS/Petrol,2009,902.27082
MADHYA PRADESH,REGION - WEST,MS/Petrol,2009,546.87943
MAHARASHTRA,REGION - WEST,MS/Petrol,2009,1773.49328
ANDHRA PRADESH,REGION - SOUTH,MS/Petrol,2009,959.93782
KARNATAKA,REGION - SOUTH,MS/Petrol,2009,860.07264
KERALA,REGION - SOUTH,MS/Petrol,2009,692.97987
LAKSHADWEEP,REGION - SOUTH,MS/Petrol,2009,0
PUDUCHERRY,REGION - SOUTH,MS/Petrol,2009,83.97103
TAMIL NADU,REGION - SOUTH,MS/Petrol,2009,1203.50324
TELANGANA,REGION - SOUTH,MS/Petrol,2009,0
CHANDIGARH,REGION - NORTH,HSD/Diesel,2009,74.84685
DELHI,REGION - NORTH,HSD/Diesel,2009,1093.13184
HARYANA,REGION - NORTH,HSD/Diesel,2009,4310.70871
HIMACHAL PRADESH,REGION - NORTH,HSD/Diesel,2009,405.85008
JAMMU & KASHMIR,REGION - NORTH,HSD/Diesel,2009,487.34193
LADAKH,REGION - NORTH,HSD/Diesel,2009,
PUNJAB,REGION - NORTH,HSD/Diesel,2009,2937.95992
RAJASTHAN,REGION - NORTH,HSD/Diesel,2009,3560.55406
UTTAR PRADESH,REGION - NORTH,HSD/Diesel,2009,5787.71159
UTTARAKHAND,REGION - NORTH,HSD/Diesel,2009,527.78449
ARUNACHAL PRADESH,REGION - NORTH EAST,HSD/Diesel,2009,73.4389
ASSAM,REGION - NORTH EAST,HSD/Diesel,2009,649.35086
MANIPUR,REGION - NORTH EAST,HSD/Diesel,2009,61.37972
MEGHALAYA,REGION - NORTH EAST,HSD/Diesel,2009,258.67927
MIZORAM,REGION - NORTH EAST,HSD/Diesel,2009,38.38195
NAGALAND,REGION - NORTH EAST,HSD/Diesel,2009,34.94338
SIKKIM,REGION - NORTH EAST,HSD/Diesel,2009,46.68869
TRIPURA,REGION - NORTH EAST,HSD/Diesel,2009,70.28873
ANDAMAN & NICOBAR,REGION - EAST,HSD/Diesel,2009,93.23126
BIHAR,REGION - EAST,HSD/Diesel,2009,1663.63423
JHARKHAND,REGION - EAST,HSD/Diesel,2009,1181.15896
ODISHA,REGION - EAST,HSD/Diesel,2009,1618.88115
WEST BENGAL,REGION - EAST,HSD/Diesel,2009,2255.80084
CHHATTISGARH,REGION - WEST,HSD/Diesel,2009,928.71336
DADRA & NAGAR HAVELI AND DAMAN & DIU,REGION - WEST,HSD/Diesel,2009,122.67666
GOA,REGION - WEST,HSD/Diesel,2009,380.56053
GUJARAT,REGION - WEST,HSD/Diesel,2009,3252.90318
MADHYA PRADESH,REGION - WEST,HSD/Diesel,2009,2222.95928
MAHARASHTRA,REGION - WEST,HSD/Diesel,2009,5975.18905
ANDHRA PRADESH,REGION - SOUTH,HSD/Diesel,2009,5488.39477
KARNATAKA,REGION - SOUTH,HSD/Diesel,2009,3436.96446
KERALA,REGION - SOUTH,HSD/Diesel,2009,1754.60403
LAKSHADWEEP,REGION - SOUTH,HSD/Diesel,2009,16.27059
PUDUCHERRY,REGION - SOUTH,HSD/Diesel,2009,354.03957
TAMIL NADU,REGION - SOUTH,HSD/Diesel,2009,4982.90497
TELANGANA,REGION - SOUTH,HSD/Diesel,2009,0
CHANDIGARH,REGION - NORTH,MS/Petrol,2010,91.14808
DELHI,REGION - NORTH,MS/Petrol,2010,825.48262
HARYANA,REGION - NORTH,MS/Petrol,2010,624.00613
HIMACHAL PRADESH,REGION - NORTH,MS/Petrol,2010,104.58529
JAMMU & KASHMIR,REGION - NORTH,MS/Petrol,2010,125.09347
LADAKH,REGION - NORTH,MS/Petrol,2010,0
PUNJAB,REGION - NORTH,MS/Petrol,2010,589.93219
RAJASTHAN,REGION - NORTH,MS/Petrol,2010,677.59579
UTTAR PRADESH,REGION - NORTH,MS/Petrol,2010,1316.79631
UTTARAKHAND,REGION - NORTH,MS/Petrol,2010,156.04352
ARUNACHAL PRADESH,REGION - NORTH EAST,MS/Petrol,2010,19.00698
ASSAM,REGION - NORTH EAST,MS/Petrol,2010,148.60874
MANIPUR,REGION - NORTH EAST,MS/Petrol,2010,20.12178
MEGHALAYA,REGION - NORTH EAST,MS/Petrol,2010,48.13488
MIZORAM,REGION - NORTH EAST,MS/Petrol,2010,16.34272
NAGALAND,REGION - NORTH EAST,MS/Petrol,2010,22.69962
SIKKIM,REGION - NORTH EAST,MS/Petrol,2010,11.30464
TRIPURA,REGION - NORTH EAST,MS/Petrol,2010,25.60125
ANDAMAN & NICOBAR,REGION - EAST,MS/Petrol,2010,10.11091
BIHAR,REGION - EAST,MS/Petrol,2010,271.28488
JHARKHAND,REGION - EAST,MS/Petrol,2010,216.71214
ODISHA,REGION - EAST,MS/Petrol,2010,317.56648
WEST BENGAL,REGION - EAST,MS/Petrol,2010,392.0993
CHHATTISGARH,REGION - WEST,MS/Petrol,2010,233.30413
DADRA & NAGAR HAVELI AND DAMAN & DIU,REGION - WEST,MS/Petrol,2010,26.2807
GOA,REGION - WEST,MS/Petrol,2010,99.25877
GUJARAT,REGION - WEST,MS/Petrol,2010,993.06879
MADHYA PRADESH,REGION - WEST,MS/Petrol,2010,619.56163
MAHARASHTRA,REGION - WEST,MS/Petrol,2010,1966.48709
ANDHRA PRADESH,REGION - SOUTH,MS/Petrol,2010,1072.71396
KARNATAKA,REGION - SOUTH,MS/Petrol,2010,972.88803
KERALA,REGION - SOUTH,MS/Petrol,2010,744.68078
LAKSHADWEEP,REGION - SOUTH,MS/Petrol,2010,0
PUDUCHERRY,REGION - SOUTH,MS/Petrol,2010,89.94928
TAMIL NADU,REGION - SOUTH,MS/Petrol,2010,1345.94526
TELANGANA,REGION - SOUTH,MS/Petrol,2010,0
CHANDIGARH,REGION - NORTH,HSD/Diesel,2010,76.65839
DELHI,REGION - NORTH,HSD/Diesel,2010,804.66353
HARYANA,REGION - NORTH,HSD/Diesel,2010,4545.61508
HIMACHAL PRADESH,REGION - NORTH,HSD/Diesel,2010,441.31285
JAMMU & KASHMIR,REGION - NORTH,HSD/Diesel,2010,487.97335
LADAKH,REGION - NORTH,HSD/Diesel,2010,
PUNJAB,REGION - NORTH,HSD/Diesel,2010,2936.4448
RAJASTHAN,REGION - NORTH,HSD/Diesel,2010,3844.96736
UTTAR PRADESH,REGION - NORTH,HSD/Diesel,2010,5997.23662
UTTARAKHAND,REGION - NORTH,HSD/Diesel,2010,550.77805
ARUNACHAL PRADESH,REGION - NORTH EAST,HSD/Diesel,2010,79.58008
ASSAM,REGION - NORTH EAST,HSD/Diesel,2010,698.66393
MANIPUR,REGION - NORTH EAST,HSD/Diesel,2010,47.87123
MEGHALAYA,REGION - NORTH EAST,HSD/Diesel,2010,295.85452
MIZORAM,REGION - NORTH EAST,HSD/Diesel,2010,40.7824
NAGALAND,REGION - NORTH EAST,HSD/Diesel,2010,49.07829
SIKKIM,REGION - NORTH EAST,HSD/Diesel,2010,58.57451
TRIPURA,REGION - NORTH EAST,HSD/Diesel,2010,77.58447
ANDAMAN & NICOBAR,REGION - EAST,HSD/Diesel,2010,94.24233
BIHAR,REGION - EAST,HSD/Diesel,2010,1854.4227
JHARKHAND,REGION - EAST,HSD/Diesel,2010,1256.24745
ODISHA,REGION - EAST,HSD/Diesel,2010,1776.46387
WEST BENGAL,REGION - EAST,HSD/Diesel,2010,2463.85507
CHHATTISGARH,REGION - WEST,HSD/Diesel,2010,997.33099
DADRA & NAGAR HAVELI AND DAMAN & DIU,REGION - WEST,HSD/Diesel,2010,126.18833
GOA,REGION - WEST,HSD/Diesel,2010,373.4041
GUJARAT,REGION - WEST,HSD/Diesel,2010,3523.42805
MADHYA PRADESH,REGION - WEST,HSD/Diesel,2010,2513.13897
MAHARASHTRA,REGION - WEST,HSD/Diesel,2010,6657.82813
ANDHRA PRADESH,REGION - SOUTH,HSD/Diesel,2010,5751.84064
KARNATAKA,REGION - SOUTH,HSD/Diesel,2010,3691.73808
KERALA,REGION - SOUTH,HSD/Diesel,2010,1910.47944
LAKSHADWEEP,REGION - SOUTH,HSD/Diesel,2010,20.53724
PUDUCHERRY,REGION - SOUTH,HSD/Diesel,2010,350.45473
TAMIL NADU,REGION - SOUTH,HSD/Diesel,2010,5482.64183
TELANGANA,REGION - SOUTH,HSD/Diesel,2010,0
CHANDIGARH,REGION - NORTH,MS/Petrol,2011,88.41783
DELHI,REGION - NORTH,MS/Petrol,2011,812.54707
HARYANA,REGION - NORTH,MS/Petrol,2011,635.32252
HIMACHAL PRADESH,REGION - NORTH,MS/Petrol,2011,111.0028
JAMMU & KASHMIR,REGION - NORTH,MS/Petrol,2011,135.93872
LADAKH,REGION - NORTH,MS/Petrol,2011,0
PUNJAB,REGION - NORTH,MS/Petrol,2011,584.3264
RAJASTHAN,REGION - NORTH,MS/Petrol,2011,724.76893
UTTAR PRADESH,REGION - NORTH,MS/Petrol,2011,1373.24376
UTTARAKHAND,REGION - NORTH,MS/Petrol,2011,165.27922
ARUNACHAL PRADESH,REGION - NORTH EAST,MS/Petrol,2011,21.33394
ASSAM,REGION - NORTH EAST,MS/Petrol,2011,162.98239
MANIPUR,REGION - NORTH EAST,MS/Petrol,2011,27.92462
MEGHALAYA,REGION - NORTH EAST,MS/Petrol,2011,52.42985
MIZORAM,REGION - NORTH EAST,MS/Petrol,2011,18.34605
NAGALAND,REGION - NORTH EAST,MS/Petrol,2011,23.04258
SIKKIM,REGION - NORTH EAST,MS/Petrol,2011,11.71564
TRIPURA,REGION - NORTH EAST,MS/Petrol,2011,27.30557
ANDAMAN & NICOBAR,REGION - EAST,MS/Petrol,2011,10.36404
BIHAR,REGION - EAST,MS/Petrol,2011,297.03582
JHARKHAND,REGION - EAST,MS/Petrol,2011,222.38654
ODISHA,REGION - EAST,MS/Petrol,2011,343.19382
WEST BENGAL,REGION - EAST,MS/Petrol,2011,404.89522
CHHATTISGARH,REGION - WEST,MS/Petrol,2011,253.56091
DADRA & NAGAR HAVELI AND DAMAN & DIU,REGION - WEST,MS/Petrol,2011,27.29635
GOA,REGION - WEST,MS/Petrol,2011,104.33527
GUJARAT,REGION - WEST,MS/Petrol,2011,1049.37745
MADHYA PRADESH,REGION - WEST,MS/Petrol,2011,652.15428
MAHARASHTRA,REGION - WEST,MS/Petrol,2011,2087.40646
ANDHRA PRADESH,REGION - SOUTH,MS/Petrol,2011,1168.56494
KARNATAKA,REGION - SOUTH,MS/Petrol,2011,1045.41726
KERALA,REGION - SOUTH,MS/Petrol,2011,787.86573
LAKSHADWEEP,REGION - SOUTH,MS/Petrol,2011,0
PUDUCHERRY,REGION - SOUTH,MS/Petrol,2011,92.72642
TAMIL NADU,REGION - SOUTH,MS/Petrol,2011,1469.90177
TELANGANA,REGION - SOUTH,MS/Petrol,2011,0
CHANDIGARH,REGION - NORTH,HSD/Diesel,2011,73.08833
DELHI,REGION - NORTH,HSD/Diesel,2011,930.05928
HARYANA,REGION - NORTH,HSD/Diesel,2011,4817.4494
HIMACHAL PRADESH,REGION - NORTH,HSD/Diesel,2011,478.52785
JAMMU & KASHMIR,REGION - NORTH,HSD/Diesel,2011,550.95158
LADAKH,REGION - NORTH,HSD/Diesel,2011,
PUNJAB,REGION - NORTH,HSD/Diesel,2011,3109.24636
RAJASTHAN,REGION - NORTH,HSD/Diesel,2011,4298.26031
UTTAR PRADESH,REGION - NORTH,HSD/Diesel,2011,6251.88789
UTTARAKHAND,REGION - NORTH,HSD/Diesel,2011,578.23838
ARUNACHAL PRADESH,REGION - NORTH EAST,HSD/Diesel,2011,87.16881
ASSAM,REGION - NORTH EAST,HSD/Diesel,2011,757.55193
MANIPUR,REGION - NORTH EAST,HSD/Diesel,2011,61.90029
MEGHALAYA,REGION - NORTH EAST,HSD/Diesel,2011,347.51324
MIZORAM,REGION - NORTH EAST,HSD/Diesel,2011,47.93061
NAGALAND,REGION - NORTH EAST,HSD/Diesel,2011,51.93527
SIKKIM,REGION - NORTH EAST,HSD/Diesel,2011,56.03363
TRIPURA,REGION - NORTH EAST,HSD/Diesel,2011,79.28759
ANDAMAN & NICOBAR,REGION - EAST,HSD/Diesel,2011,90.37597
BIHAR,REGION - EAST,HSD/Diesel,2011,1951.06016
JHARKHAND,REGION - EAST,HSD/Diesel,2011,1297.92602
ODISHA,REGION - EAST,HSD/Diesel,2011,1806.18195
WEST BENGAL,REGION - EAST,HSD/Diesel,2011,2560.58613
CHHATTISGARH,REGION - WEST,HSD/Diesel,2011,1092.92599
DADRA & NAGAR HAVELI AND DAMAN & DIU,REGION - WEST,HSD/Diesel,2011,133.25804
GOA,REGION - WEST,HSD/Diesel,2011,374.95192
GUJARAT,REGION - WEST,HSD/Diesel,2011,4044.93736
MADHYA PRADESH,REGION - WEST,HSD/Diesel,2011,2639.21633
MAHARASHTRA,REGION - WEST,HSD/Diesel,2011,7482.99137
ANDHRA PRADESH,REGION - SOUTH,HSD/Diesel,2011,6231.7979
KARNATAKA,REGION - SOUTH,HSD/Diesel,2011,3944.03576
KERALA,REGION - SOUTH,HSD/Diesel,2011,2104.76631
LAKSHADWEEP,REGION - SOUTH,HSD/Diesel,2011,12.49672
PUDUCHERRY,REGION - SOUTH,HSD/Diesel,2011,347.35827
TAMIL NADU,REGION - SOUTH,HSD/Diesel,2011,5988.34168
TELANGANA,REGION - SOUTH,HSD/Diesel,2011,0
CHANDIGARH,REGION - NORTH,MS/Petrol,2012,82.93121
DELHI,REGION - NORTH,MS/Petrol,2012,786.98829
HARYANA,REGION - NORTH,MS/Petrol,2012,625.85276
HIMACHAL PRADESH,REGION - NORTH,MS/Petrol,2012,114.45065
JAMMU & KASHMIR,REGION - NORTH,MS/Petrol,2012,145.25387
LADAKH,REGION - NORTH,MS/Petrol,2012,0
PUNJAB,REGION - NORTH,MS/Petrol,2012,578.37827
RAJASTHAN,REGION - NORTH,MS/Petrol,2012,787.18284
UTTAR PRADESH,REGION - NORTH,MS/Petrol,2012,1446.32408
UTTARAKHAND,REGION - NORTH,MS/Petrol,2012,175.9937
ARUNACHAL PRADESH,REGION - NORTH EAST,MS/Petrol,2012,22.72691
ASSAM,REGION - NORTH EAST,MS/Petrol,2012,167.72854
MANIPUR,REGION - NORTH EAST,MS/Petrol,2012,33.32497
MEGHALAYA,REGION - NORTH EAST,MS/Petrol,2012,56.35444
MIZORAM,REGION - NORTH EAST,MS/Petrol,2012,18.85792
NAGALAND,REGION - NORTH EAST,MS/Petrol,2012,23.03872
SIKKIM,REGION - NORTH EAST,MS/Petrol,2012,12.35882
TRIPURA,REGION - NORTH EAST,MS/Petrol,2012,28.87876
ANDAMAN & NICOBAR,REGION - EAST,MS/Petrol,2012,10.74302
BIHAR,REGION - EAST,MS/Petrol,2012,321.67885
JHARKHAND,REGION - EAST,MS/Petrol,2012,234.90423
ODISHA,REGION - EAST,MS/Petrol,2012,364.9882
WEST BENGAL,REGION - EAST,MS/Petrol,2012,442.611
CHHATTISGARH,REGION - WEST,MS/Petrol,2012,271.36774
DADRA & NAGAR HAVELI AND DAMAN & DIU,REGION - WEST,MS/Petrol,2012,27.64256
GOA,REGION - WEST,MS/Petrol,2012,117.49736
GUJARAT,REGION - WEST,MS/Petrol,2012,1107.80992
MADHYA PRADESH,REGION - WEST,MS/Petrol,2012,703.21523
MAHARASHTRA,REGION - WEST,MS/Petrol,2012,2161.86602
ANDHRA PRADESH,REGION - SOUTH,MS/Petrol,2012,1237.17989
KARNATAKA,REGION - SOUTH,MS/Petrol,2012,1127.16867
KERALA,REGION - SOUTH,MS/Petrol,2012,833.64262
LAKSHADWEEP,REGION - SOUTH,MS/Petrol,2012,0
PUDUCHERRY,REGION - SOUTH,MS/Petrol,2012,92.37782
TAMIL NADU,REGION - SOUTH,MS/Petrol,2012,1582.58316
TELANGANA,REGION - SOUTH,MS/Petrol,2012,0
CHANDIGARH,REGION - NORTH,HSD/Diesel,2012,75.42936
DELHI,REGION - NORTH,HSD/Diesel,2012,1028.76366
HARYANA,REGION - NORTH,HSD/Diesel,2012,5022.89211
HIMACHAL PRADESH,REGION - NORTH,HSD/Diesel,2012,532.7959
JAMMU & KASHMIR,REGION - NORTH,HSD/Diesel,2012,588.88535
LADAKH,REGION - NORTH,HSD/Diesel,2012,
PUNJAB,REGION - NORTH,HSD/Diesel,2012,3254.67822
RAJASTHAN,REGION - NORTH,HSD/Diesel,2012,4680.17411
UTTAR PRADESH,REGION - NORTH,HSD/Diesel,2012,6482.76081
UTTARAKHAND,REGION - NORTH,HSD/Diesel,2012,674.89091
ARUNACHAL PRADESH,REGION - NORTH EAST,HSD/Diesel,2012,91.61627
ASSAM,REGION - NORTH EAST,HSD/Diesel,2012,730.8061
MANIPUR,REGION - NORTH EAST,HSD/Diesel,2012,74.09245
MEGHALAYA,REGION - NORTH EAST,HSD/Diesel,2012,354.28471
MIZORAM,REGION - NORTH EAST,HSD/Diesel,2012,53.26446
NAGALAND,REGION - NORTH EAST,HSD/Diesel,2012,54.7736
SIKKIM,REGION - NORTH EAST,HSD/Diesel,2012,52.69437
TRIPURA,REGION - NORTH EAST,HSD/Diesel,2012,81.03777
ANDAMAN & NICOBAR,REGION - EAST,HSD/Diesel,2012,89.75512
BIHAR,REGION - EAST,HSD/Diesel,2012,2030.11388
JHARKHAND,REGION - EAST,HSD/Diesel,2012,1360.98257
ODISHA,REGION - EAST,HSD/Diesel,2012,1833.69885
WEST BENGAL,REGION - EAST,HSD/Diesel,2012,2732.52905
CHHATTISGARH,REGION - WEST,HSD/Diesel,2012,1154.01808
DADRA & NAGAR HAVELI AND DAMAN & DIU,REGION - WEST,HSD/Diesel,2012,153.75223
GOA,REGION - WEST,HSD/Diesel,2012,302.89857
GUJARAT,REGION - WEST,HSD/Diesel,2012,4355.63217
MADHYA PRADESH,REGION - WEST,HSD/Diesel,2012,2838.18303
MAHARASHTRA,REGION - WEST,HSD/Diesel,2012,7741.0464
ANDHRA PRADESH,REGION - SOUTH,HSD/Diesel,2012,6582.56011
KARNATAKA,REGION - SOUTH,HSD/Diesel,2012,4375.77127
KERALA,REGION - SOUTH,HSD/Diesel,2012,2339.20703
LAKSHADWEEP,REGION - SOUTH,HSD/Diesel,2012,11.64561
PUDUCHERRY,REGION - SOUTH,HSD/Diesel,2012,334.06398
TAMIL NADU,REGION - SOUTH,HSD/Diesel,2012,6963.68982
TELANGANA,REGION - SOUTH,HSD/Diesel,2012,0
CHANDIGARH,REGION - NORTH,MS/Petrol,2013,82.14714
DELHI,REGION - NORTH,MS/Petrol,2013,796.9915
HARYANA,REGION - NORTH,MS/Petrol,2013,664.36472
HIMACHAL PRADESH,REGION - NORTH,MS/Petrol,2013,123.99607
JAMMU & KASHMIR,REGION - NORTH,MS/Petrol,2013,157.24918
LADAKH,REGION - NORTH,MS/Petrol,2013,0
PUNJAB,REGION - NORTH,MS/Petrol,2013,608.6122
RAJASTHAN,REGION - NORTH,MS/Petrol,2013,898.06797
UTTAR PRADESH,REGION - NORTH,MS/Petrol,2013,1616.61
UTTARAKHAND,REGION - NORTH,MS/Petrol,2013,190.7629
ARUNACHAL PRADESH,REGION - NORTH EAST,MS/Petrol,2013,26.79075
ASSAM,REGION - NORTH EAST,MS/Petrol,2013,189.49986
MANIPUR,REGION - NORTH EAST,MS/Petrol,2013,36.52268
MEGHALAYA,REGION - NORTH EAST,MS/Petrol,2013,58.9631
MIZORAM,REGION - NORTH EAST,MS/Petrol,2013,21.50453
NAGALAND,REGION - NORTH EAST,MS/Petrol,2013,25.7194
SIKKIM,REGION - NORTH EAST,MS/Petrol,2013,13.22195
TRIPURA,REGION - NORTH EAST,MS/Petrol,2013,30.79807
ANDAMAN & NICOBAR,REGION - EAST,MS/Petrol,2013,11.51237
BIHAR,REGION - EAST,MS/Petrol,2013,375.14161
JHARKHAND,REGION - EAST,MS/Petrol,2013,265.53022
ODISHA,REGION - EAST,MS/Petrol,2013,412.66784
WEST BENGAL,REGION - EAST,MS/Petrol,2013,484.37023
CHHATTISGARH,REGION - WEST,MS/Petrol,2013,309.56889
DADRA & NAGAR HAVELI AND DAMAN & DIU,REGION - WEST,MS/Petrol,2013,28.28581
GOA,REGION - WEST,MS/Petrol,2013,127.37034
GUJARAT,REGION - WEST,MS/Petrol,2013,1205.1485
MADHYA PRADESH,REGION - WEST,MS/Petrol,2013,783.39168
MAHARASHTRA,REGION - WEST,MS/Petrol,2013,2271.65825
ANDHRA PRADESH,REGION - SOUTH,MS/Petrol,2013,1370.26359
KARNATAKA,REGION - SOUTH,MS/Petrol,2013,1247.25611
KERALA,REGION - SOUTH,MS/Petrol,2013,904.48657
LAKSHADWEEP,REGION - SOUTH,MS/Petrol,2013,0
PUDUCHERRY,REGION - SOUTH,MS/Petrol,2013,94.02829
TAMIL NADU,REGION - SOUTH,MS/Petrol,2013,1695.75359
TELANGANA,REGION - SOUTH,MS/Petrol,2013,0
CHANDIGARH,REGION - NORTH,HSD/Diesel,2013,70.65172
DELHI,REGION - NORTH,HSD/Diesel,2013,1129.19336
HARYANA,REGION - NORTH,HSD/Diesel,2013,5004.18616
HIMACHAL PRADESH,REGION - NORTH,HSD/Diesel,2013,512.24423
JAMMU & KASHMIR,REGION - NORTH,HSD/Diesel,2013,589.00067
LADAKH,REGION - NORTH,HSD/Diesel,2013,
PUNJAB,REGION - NORTH,HSD/Diesel,2013,3213.14626
RAJASTHAN,REGION - NORTH,HSD/Diesel,2013,4863.80057
UTTAR PRADESH,REGION - NORTH,HSD/Diesel,2013,6255.8854
UTTARAKHAND,REGION - NORTH,HSD/Diesel,2013,635.48464
ARUNACHAL PRADESH,REGION - NORTH EAST,HSD/Diesel,2013,104.8964
ASSAM,REGION - NORTH EAST,HSD/Diesel,2013,762.29626
MANIPUR,REGION - NORTH EAST,HSD/Diesel,2013,75.62563
MEGHALAYA,REGION - NORTH EAST,HSD/Diesel,2013,345.89623
MIZORAM,REGION - NORTH EAST,HSD/Diesel,2013,52.60323
NAGALAND,REGION - NORTH EAST,HSD/Diesel,2013,56.91742
SIKKIM,REGION - NORTH EAST,HSD/Diesel,2013,56.68272
TRIPURA,REGION - NORTH EAST,HSD/Diesel,2013,79.88144
ANDAMAN & NICOBAR,REGION - EAST,HSD/Diesel,2013,115.68473
BIHAR,REGION - EAST,HSD/Diesel,2013,2023.90587
JHARKHAND,REGION - EAST,HSD/Diesel,2013,1460.58679
ODISHA,REGION - EAST,HSD/Diesel,2013,1989.75651
WEST BENGAL,REGION - EAST,HSD/Diesel,2013,2637.02633
CHHATTISGARH,REGION - WEST,HSD/Diesel,2013,1236.53405
DADRA & NAGAR HAVELI AND DAMAN & DIU,REGION - WEST,HSD/Diesel,2013,177.41029
GOA,REGION - WEST,HSD/Diesel,2013,264.14342
GUJARAT,REGION - WEST,HSD/Diesel,2013,4318.84715
MADHYA PRADESH,REGION - WEST,HSD/Diesel,2013,2914.3988
MAHARASHTRA,REGION - WEST,HSD/Diesel,2013,7346.5263
ANDHRA PRADESH,REGION - SOUTH,HSD/Diesel,2013,6297.70643
KARNATAKA,REGION - SOUTH,HSD/Diesel,2013,4733.28059
KERALA,REGION - SOUTH,HSD/Diesel,2013,2465.81079
LAKSHADWEEP,REGION - SOUTH,HSD/Diesel,2013,12.15755
PUDUCHERRY,REGION - SOUTH,HSD/Diesel,2013,289.83772
TAMIL NADU,REGION - SOUTH,HSD/Diesel,2013,6195.27005
TELANGANA,REGION - SOUTH,HSD/Diesel,2013,0
CHANDIGARH,REGION - NORTH,MS/Petrol,2014,85.15599
DELHI,REGION - NORTH,MS/Petrol,2014,831.2751
HARYANA,REGION - NORTH,MS/Petrol,2014,723.56252
HIMACHAL PRADESH,REGION - NORTH,MS/Petrol,2014,137.41164
JAMMU & KASHMIR,REGION - NORTH,MS/Petrol,2014,170.76711
LADAKH,REGION - NORTH,MS/Petrol,2014,0
PUNJAB,REGION - NORTH,MS/Petrol,2014,662.73184
RAJASTHAN,REGION - NORTH,MS/Petrol,2014,1024.76014
UTTAR PRADESH,REGION - NORTH,MS/Petrol,2014,1816.21222
UTTARAKHAND,REGION - NORTH,MS/Petrol,2014,215.88882
ARUNACHAL PRADESH,REGION - NORTH EAST,MS/Petrol,2014,27.91183
ASSAM,REGION - NORTH EAST,MS/Petrol,2014,219.54497
MANIPUR,REGION - NORTH EAST,MS/Petrol,2014,41.38269
MEGHALAYA,REGION - NORTH EAST,MS/Petrol,2014,59.14724
MIZORAM,REGION - NORTH EAST,MS/Petrol,2014,22.60105
NAGALAND,REGION - NORTH EAST,MS/Petrol,2014,24.7797
SIKKIM,REGION - NORTH EAST,MS/Petrol,2014,14.66375
TRIPURA,REGION - NORTH EAST,MS/Petrol,2014,32.62261
ANDAMAN & NICOBAR,REGION - EAST,MS/Petrol,2014,12.39227
BIHAR,REGION - EAST,MS/Petrol,2014,432.31918
JHARKHAND,REGION - EAST,MS/Petrol,2014,302.54656
ODISHA,REGION - EAST,MS/Petrol,2014,472.1265
WEST BENGAL,REGION - EAST,MS/Petrol,2014,554.54435
CHHATTISGARH,REGION - WEST,MS/Petrol,2014,357.35343
DADRA & NAGAR HAVELI AND DAMAN & DIU,REGION - WEST,MS/Petrol,2014,30.93418
GOA,REGION - WEST,MS/Petrol,2014,141.0996
GUJARAT,REGION - WEST,MS/Petrol,2014,1339.05384
MADHYA PRADESH,REGION - WEST,MS/Petrol,2014,897.65615
MAHARASHTRA,REGION - WEST,MS/Petrol,2014,2483.1836
ANDHRA PRADESH,REGION - SOUTH,MS/Petrol,2014,794.969
KARNATAKA,REGION - SOUTH,MS/Petrol,2014,1430.53907
KERALA,REGION - SOUTH,MS/Petrol,2014,1009.42209
LAKSHADWEEP,REGION - SOUTH,MS/Petrol,2014,0
PUDUCHERRY,REGION - SOUTH,MS/Petrol,2014,100.92336
TAMIL NADU,REGION - SOUTH,MS/Petrol,2014,1848.92831
TELANGANA,REGION - SOUTH,MS/Petrol,2014,756.99173
CHANDIGARH,REGION - NORTH,HSD/Diesel,2014,82.62995
DELHI,REGION - NORTH,HSD/Diesel,2014,1268.81146
HARYANA,REGION - NORTH,HSD/Diesel,2014,5028.56717
HIMACHAL PRADESH,REGION - NORTH,HSD/Diesel,2014,520.83112
JAMMU & KASHMIR,REGION - NORTH,HSD/Diesel,2014,563.02633
LADAKH,REGION - NORTH,HSD/Diesel,2014,
PUNJAB,REGION - NORTH,HSD/Diesel,2014,3216.34486
RAJASTHAN,REGION - NORTH,HSD/Diesel,2014,5038.45271
UTTAR PRADESH,REGION - NORTH,HSD/Diesel,2014,6420.24417
UTTARAKHAND,REGION - NORTH,HSD/Diesel,2014,660.45964
ARUNACHAL PRADESH,REGION - NORTH EAST,HSD/Diesel,2014,108.96244
ASSAM,REGION - NORTH EAST,HSD/Diesel,2014,777.17711
MANIPUR,REGION - NORTH EAST,HSD/Diesel,2014,83.44218
MEGHALAYA,REGION - NORTH EAST,HSD/Diesel,2014,301.67
MIZORAM,REGION - NORTH EAST,HSD/Diesel,2014,53.7897
NAGALAND,REGION - NORTH EAST,HSD/Diesel,2014,56.55261
SIKKIM,REGION - NORTH EAST,HSD/Diesel,2014,53.60742
TRIPURA,REGION - NORTH EAST,HSD/Diesel,2014,81.97443
ANDAMAN & NICOBAR,REGION - EAST,HSD/Diesel,2014,119.76614
BIHAR,REGION - EAST,HSD/Diesel,2014,1980.59738
JHARKHAND,REGION - EAST,HSD/Diesel,2014,1554.48958
ODISHA,REGION - EAST,HSD/Diesel,2014,1942.52002
WEST BENGAL,REGION - EAST,HSD/Diesel,2014,2640.10075
CHHATTISGARH,REGION - WEST,HSD/Diesel,2014,1301.87665
DADRA & NAGAR HAVELI AND DAMAN & DIU,REGION - WEST,HSD/Diesel,2014,203.30895
GOA,REGION - WEST,HSD/Diesel,2014,282.95043
GUJARAT,REGION - WEST,HSD/Diesel,2014,4591.49296
MADHYA PRADESH,REGION - WEST,HSD/Diesel,2014,2965.65684
MAHARASHTRA,REGION - WEST,HSD/Diesel,2014,7301.54536
ANDHRA PRADESH,REGION - SOUTH,HSD/Diesel,2014,3649.7744
KARNATAKA,REGION - SOUTH,HSD/Diesel,2014,5056.4305
KERALA,REGION - SOUTH,HSD/Diesel,2014,2498.20059
LAKSHADWEEP,REGION - SOUTH,HSD/Diesel,2014,13.61764
PUDUCHERRY,REGION - SOUTH,HSD/Diesel,2014,283.88296
TAMIL NADU,REGION - SOUTH,HSD/Diesel,2014,5962.01496
TELANGANA,REGION - SOUTH,HSD/Diesel,2014,2668.05271
CHANDIGARH,REGION - NORTH,MS/Petrol,2015,100.68053
DELHI,REGION - NORTH,MS/Petrol,2015,901.54912
HARYANA,REGION - NORTH,MS/Petrol,2015,782.76419
HIMACHAL PRADESH,REGION - NORTH,MS/Petrol,2015,162.92659
JAMMU & KASHMIR,REGION - NORTH,MS/Petrol,2015,199.61356
LADAKH,REGION - NORTH,MS/Petrol,2015,0
PUNJAB,REGION - NORTH,MS/Petrol,2015,745.26789
RAJASTHAN,REGION - NORTH,MS/Petrol,2015,1183.47041
UTTAR PRADESH,REGION - NORTH,MS/Petrol,2015,2164.37193
UTTARAKHAND,REGION - NORTH,MS/Petrol,2015,252.86037
ARUNACHAL PRADESH,REGION - NORTH EAST,MS/Petrol,2015,31.42116
ASSAM,REGION - NORTH EAST,MS/Petrol,2015,267.44601
MANIPUR,REGION - NORTH EAST,MS/Petrol,2015,43.50707
MEGHALAYA,REGION - NORTH EAST,MS/Petrol,2015,65.28823
MIZORAM,REGION - NORTH EAST,MS/Petrol,2015,23.64669
NAGALAND,REGION - NORTH EAST,MS/Petrol,2015,26.26261
SIKKIM,REGION - NORTH EAST,MS/Petrol,2015,16.06574
TRIPURA,REGION - NORTH EAST,MS/Petrol,2015,37.91106
ANDAMAN & NICOBAR,REGION - EAST,MS/Petrol,2015,13.98575
BIHAR,REGION - EAST,MS/Petrol,2015,545.37231
JHARKHAND,REGION - EAST,MS/Petrol,2015,349.39635
ODISHA,REGION - EAST,MS/Petrol,2015,553.80514
WEST BENGAL,REGION - EAST,MS/Petrol,2015,654.60341
CHHATTISGARH,REGION - WEST,MS/Petrol,2015,418.18479
DADRA & NAGAR HAVELI AND DAMAN & DIU,REGION - WEST,MS/Petrol,2015,35.40978
GOA,REGION - WEST,MS/Petrol,2015,151.27522
GUJARAT,REGION - WEST,MS/Petrol,2015,1525.99504
MADHYA PRADESH,REGION - WEST,MS/Petrol,2015,1037.72681
MAHARASHTRA,REGION - WEST,MS/Petrol,2015,2836.54659
ANDHRA PRADESH,REGION - SOUTH,MS/Petrol,2015,844.94104
KARNATAKA,REGION - SOUTH,MS/Petrol,2015,1663.99995
KERALA,REGION - SOUTH,MS/Petrol,2015,1129.76173
LAKSHADWEEP,REGION - SOUTH,MS/Petrol,2015,0
PUDUCHERRY,REGION - SOUTH,MS/Petrol,2015,113.07627
TAMIL NADU,REGION - SOUTH,MS/Petrol,2015,2052.04942
TELANGANA,REGION - SOUTH,MS/Petrol,2015,915.44814
CHANDIGARH,REGION - NORTH,HSD/Diesel,2015,114.69132
DELHI,REGION - NORTH,HSD/Diesel,2015,1508.28252
HARYANA,REGION - NORTH,HSD/Diesel,2015,5013.92072
HIMACHAL PRADESH,REGION - NORTH,HSD/Diesel,2015,575.66008
JAMMU & KASHMIR,REGION - NORTH,HSD/Diesel,2015,635.41415
LADAKH,REGION - NORTH,HSD/Diesel,2015,
PUNJAB,REGION - NORTH,HSD/Diesel,2015,3302.233
RAJASTHAN,REGION - NORTH,HSD/Diesel,2015,5315.93373
UTTAR PRADESH,REGION - NORTH,HSD/Diesel,2015,7098.40787
UTTARAKHAND,REGION - NORTH,HSD/Diesel,2015,746.73175
ARUNACHAL PRADESH,REGION - NORTH EAST,HSD/Diesel,2015,118.48612
ASSAM,REGION - NORTH EAST,HSD/Diesel,2015,851.70413
MANIPUR,REGION - NORTH EAST,HSD/Diesel,2015,87.82157
MEGHALAYA,REGION - NORTH EAST,HSD/Diesel,2015,294.53097
MIZORAM,REGION - NORTH EAST,HSD/Diesel,2015,57.13555
NAGALAND,REGION - NORTH EAST,HSD/Diesel,2015,59.39605
SIKKIM,REGION - NORTH EAST,HSD/Diesel,2015,57.51272
TRIPURA,REGION - NORTH EAST,HSD/Diesel,2015,92.97281
ANDAMAN & NICOBAR,REGION - EAST,HSD/Diesel,2015,124.31575
BIHAR,REGION - EAST,HSD/Diesel,2015,2254.83294
JHARKHAND,REGION - EAST,HSD/Diesel,2015,1602.1899
ODISHA,REGION - EAST,HSD/Diesel,2015,2231.64479
WEST BENGAL,REGION - EAST,HSD/Diesel,2015,2955.38487
CHHATTISGARH,REGION - WEST,HSD/Diesel,2015,1461.37337
DADRA & NAGAR HAVELI AND DAMAN & DIU,REGION - WEST,HSD/Diesel,2015,232.14222
GOA,REGION - WEST,HSD/Diesel,2015,308.81245
GUJARAT,REGION - WEST,HSD/Diesel,2015,5076.8835
MADHYA PRADESH,REGION - WEST,HSD/Diesel,2015,3282.99746
MAHARASHTRA,REGION - WEST,HSD/Diesel,2015,7814.07705
ANDHRA PRADESH,REGION - SOUTH,HSD/Diesel,2015,3298.26845
KARNATAKA,REGION - SOUTH,HSD/Diesel,2015,5747.25797
KERALA,REGION - SOUTH,HSD/Diesel,2015,2536.93939
LAKSHADWEEP,REGION - SOUTH,HSD/Diesel,2015,13.80167
PUDUCHERRY,REGION - SOUTH,HSD/Diesel,2015,330.35554
TAMIL NADU,REGION - SOUTH,HSD/Diesel,2015,6312.05126
TELANGANA,REGION - SOUTH,HSD/Diesel,2015,3077.51337
CHANDIGARH,REGION - NORTH,MS/Petrol,2016,96.88964
DELHI,REGION - NORTH,MS/Petrol,2016,906.10503
HARYANA,REGION - NORTH,MS/Petrol,2016,873.2539
HIMACHAL PRADESH,REGION - NORTH,MS/Petrol,2016,183.07031
JAMMU & KASHMIR,REGION - NORTH,MS/Petrol,2016,209.64699
LADAKH,REGION - NORTH,MS/Petrol,2016,0
PUNJAB,REGION - NORTH,MS/Petrol,2016,805.92931
RAJASTHAN,REGION - NORTH,MS/Petrol,2016,1298.28223
UTTAR PRADESH,REGION - NORTH,MS/Petrol,2016,2423.42547
UTTARAKHAND,REGION - NORTH,MS/Petrol,2016,263.78349
ARUNACHAL PRADESH,REGION - NORTH EAST,MS/Petrol,2016,35.4085
ASSAM,REGION - NORTH EAST,MS/Petrol,2016,307.82388
MANIPUR,REGION - NORTH EAST,MS/Petrol,2016,41.83602
MEGHALAYA,REGION - NORTH EAST,MS/Petrol,2016,72.98253
MIZORAM,REGION - NORTH EAST,MS/Petrol,2016,24.93205
NAGALAND,REGION - NORTH EAST,MS/Petrol,2016,34.41884
SIKKIM,REGION - NORTH EAST,MS/Petrol,2016,16.52543
TRIPURA,REGION - NORTH EAST,MS/Petrol,2016,41.48872
ANDAMAN & NICOBAR,REGION - EAST,MS/Petrol,2016,15.09866
BIHAR,REGION - EAST,MS/Petrol,2016,610.13953
JHARKHAND,REGION - EAST,MS/Petrol,2016,375.10185
ODISHA,REGION - EAST,MS/Petrol,2016,614.88694
WEST BENGAL,REGION - EAST,MS/Petrol,2016,725.49951
CHHATTISGARH,REGION - WEST,MS/Petrol,2016,452.81372
DADRA & NAGAR HAVELI AND DAMAN & DIU,REGION - WEST,MS/Petrol,2016,40.17783
GOA,REGION - WEST,MS/Petrol,2016,162.17397
GUJARAT,REGION - WEST,MS/Petrol,2016,1665.59949
MADHYA PRADESH,REGION - WEST,MS/Petrol,2016,1109.4861
MAHARASHTRA,REGION - WEST,MS/Petrol,2016,3024.9802
ANDHRA PRADESH,REGION - SOUTH,MS/Petrol,2016,944.51995
KARNATAKA,REGION - SOUTH,MS/Petrol,2016,1799.08972
KERALA,REGION - SOUTH,MS/Petrol,2016,1238.01571
LAKSHADWEEP,REGION - SOUTH,MS/Petrol,2016,0
PUDUCHERRY,REGION - SOUTH,MS/Petrol,2016,120.08894
TAMIL NADU,REGION - SOUTH,MS/Petrol,2016,2254.67961
TELANGANA,REGION - SOUTH,MS/Petrol,2016,976.77996
CHANDIGARH,REGION - NORTH,HSD/Diesel,2016,102.07113
DELHI,REGION - NORTH,HSD/Diesel,2016,1267.47332
HARYANA,REGION - NORTH,HSD/Diesel,2016,4952.32139
HIMACHAL PRADESH,REGION - NORTH,HSD/Diesel,2016,586.11294
JAMMU & KASHMIR,REGION - NORTH,HSD/Diesel,2016,585.23116
LADAKH,REGION - NORTH,HSD/Diesel,2016,
PUNJAB,REGION - NORTH,HSD/Diesel,2016,3348.47825
RAJASTHAN,REGION - NORTH,HSD/Diesel,2016,5211.5081
UTTAR PRADESH,REGION - NORTH,HSD/Diesel,2016,7705.65675
UTTARAKHAND,REGION - NORTH,HSD/Diesel,2016,721.79951
ARUNACHAL PRADESH,REGION - NORTH EAST,HSD/Diesel,2016,132.38678
ASSAM,REGION - NORTH EAST,HSD/Diesel,2016,860.72102
MANIPUR,REGION - NORTH EAST,HSD/Diesel,2016,80.12698
MEGHALAYA,REGION - NORTH EAST,HSD/Diesel,2016,299.15416
MIZORAM,REGION - NORTH EAST,HSD/Diesel,2016,61.46929
NAGALAND,REGION - NORTH EAST,HSD/Diesel,2016,64.33621
SIKKIM,REGION - NORTH EAST,HSD/Diesel,2016,60.7321
TRIPURA,REGION - NORTH EAST,HSD/Diesel,2016,90.46493
ANDAMAN & NICOBAR,REGION - EAST,HSD/Diesel,2016,126.69431
BIHAR,REGION - EAST,HSD/Diesel,2016,2183.99865
JHARKHAND,REGION - EAST,HSD/Diesel,2016,1633.165
ODISHA,REGION - EAST,HSD/Diesel,2016,2331.10182
WEST BENGAL,REGION - EAST,HSD/Diesel,2016,3096.06514
CHHATTISGARH,REGION - WEST,HSD/Diesel,2016,1494.92919
DADRA & NAGAR HAVELI AND DAMAN & DIU,REGION - WEST,HSD/Diesel,2016,309.1439
GOA,REGION - WEST,HSD/Diesel,2016,343.82586
GUJARAT,REGION - WEST,HSD/Diesel,2016,4994.16254
MADHYA PRADESH,REGION - WEST,HSD/Diesel,2016,3211.89772
MAHARASHTRA,REGION - WEST,HSD/Diesel,2016,8071.34525
ANDHRA PRADESH,REGION - SOUTH,HSD/Diesel,2016,3467.36474
KARNATAKA,REGION - SOUTH,HSD/Diesel,2016,5936.90337
KERALA,REGION - SOUTH,HSD/Diesel,2016,2536.6644
LAKSHADWEEP,REGION - SOUTH,HSD/Diesel,2016,12.60317
PUDUCHERRY,REGION - SOUTH,HSD/Diesel,2016,337.52815
TAMIL NADU,REGION - SOUTH,HSD/Diesel,2016,6468.1742
TELANGANA,REGION - SOUTH,HSD/Diesel,2016,3294.70183
CHANDIGARH,REGION - NORTH,MS/Petrol,2017,104.56856
DELHI,REGION - NORTH,MS/Petrol,2017,926.68907
HARYANA,REGION - NORTH,MS/Petrol,2017,937.9204
HIMACHAL PRADESH,REGION - NORTH,MS/Petrol,2017,207.88905
JAMMU & KASHMIR,REGION - NORTH,MS/Petrol,2017,249.25366
LADAKH,REGION - NORTH,MS/Petrol,2017,0
PUNJAB,REGION - NORTH,MS/Petrol,2017,847.34609
RAJASTHAN,REGION - NORTH,MS/Petrol,2017,1440.32559
UTTAR PRADESH,REGION - NORTH,MS/Petrol,2017,2759.51413
UTTARAKHAND,REGION - NORTH,MS/Petrol,2017,286.89453
ARUNACHAL PRADESH,REGION - NORTH EAST,MS/Petrol,2017,39.87554
ASSAM,REGION - NORTH EAST,MS/Petrol,2017,356.74788
MANIPUR,REGION - NORTH EAST,MS/Petrol,2017,54.02822
MEGHALAYA,REGION - NORTH EAST,MS/Petrol,2017,85.49161
MIZORAM,REGION - NORTH EAST,MS/Petrol,2017,25.36393
NAGALAND,REGION - NORTH EAST,MS/Petrol,2017,37.33632
SIKKIM,REGION - NORTH EAST,MS/Petrol,2017,17.52504
TRIPURA,REGION - NORTH EAST,MS/Petrol,2017,47.56483
ANDAMAN & NICOBAR,REGION - EAST,MS/Petrol,2017,16.84998
BIHAR,REGION - EAST,MS/Petrol,2017,697.03207
JHARKHAND,REGION - EAST,MS/Petrol,2017,425.19134
ODISHA,REGION - EAST,MS/Petrol,2017,703.77313
WEST BENGAL,REGION - EAST,MS/Petrol,2017,812.09096
CHHATTISGARH,REGION - WEST,MS/Petrol,2017,517.82576
DADRA & NAGAR HAVELI AND DAMAN & DIU,REGION - WEST,MS/Petrol,2017,42.86076
GOA,REGION - WEST,MS/Petrol,2017,174.56231
GUJARAT,REGION - WEST,MS/Petrol,2017,1817.23361
MADHYA PRADESH,REGION - WEST,MS/Petrol,2017,1257.39214
MAHARASHTRA,REGION - WEST,MS/Petrol,2017,3225.57428
ANDHRA PRADESH,REGION - SOUTH,MS/Petrol,2017,1061.75178
KARNATAKA,REGION - SOUTH,MS/Petrol,2017,1974.27285
KERALA,REGION - SOUTH,MS/Petrol,2017,1380.85768
LAKSHADWEEP,REGION - SOUTH,MS/Petrol,2017,0
PUDUCHERRY,REGION - SOUTH,MS/Petrol,2017,129.88503
TAMIL NADU,REGION - SOUTH,MS/Petrol,2017,2420.69167
TELANGANA,REGION - SOUTH,MS/Petrol,2017,1092.29856
CHANDIGARH,REGION - NORTH,HSD/Diesel,2017,130.13419
DELHI,REGION - NORTH,HSD/Diesel,2017,1193.77779
HARYANA,REGION - NORTH,HSD/Diesel,2017,5146.60781
HIMACHAL PRADESH,REGION - NORTH,HSD/Diesel,2017,616.23736
JAMMU & KASHMIR,REGION - NORTH,HSD/Diesel,2017,684.52827
LADAKH,REGION - NORTH,HSD/Diesel,2017,
PUNJAB,REGION - NORTH,HSD/Diesel,2017,3362.52866
RAJASTHAN,REGION - NORTH,HSD/Diesel,2017,5477.1401
UTTAR PRADESH,REGION - NORTH,HSD/Diesel,2017,8608.04154
UTTARAKHAND,REGION - NORTH,HSD/Diesel,2017,713.07123
ARUNACHAL PRADESH,REGION - NORTH EAST,HSD/Diesel,2017,146.43588
ASSAM,REGION - NORTH EAST,HSD/Diesel,2017,925.58656
MANIPUR,REGION - NORTH EAST,HSD/Diesel,2017,102.52292
MEGHALAYA,REGION - NORTH EAST,HSD/Diesel,2017,326.10916
MIZORAM,REGION - NORTH EAST,HSD/Diesel,2017,67.59762
NAGALAND,REGION - NORTH EAST,HSD/Diesel,2017,69.77152
SIKKIM,REGION - NORTH EAST,HSD/Diesel,2017,69.04701
TRIPURA,REGION - NORTH EAST,HSD/Diesel,2017,99.58554
ANDAMAN & NICOBAR,REGION - EAST,HSD/Diesel,2017,139.96747
BIHAR,REGION - EAST,HSD/Diesel,2017,2278.40882
JHARKHAND,REGION - EAST,HSD/Diesel,2017,1766.07343
ODISHA,REGION - EAST,HSD/Diesel,2017,2506.00476
WEST BENGAL,REGION - EAST,HSD/Diesel,2017,3390.55527
CHHATTISGARH,REGION - WEST,HSD/Diesel,2017,1649.46001
DADRA & NAGAR HAVELI AND DAMAN & DIU,REGION - WEST,HSD/Diesel,2017,311.98357
GOA,REGION - WEST,HSD/Diesel,2017,328.87336
GUJARAT,REGION - WEST,HSD/Diesel,2017,5277.78198
MADHYA PRADESH,REGION - WEST,HSD/Diesel,2017,3562.13771
MAHARASHTRA,REGION - WEST,HSD/Diesel,2017,8671.90188
ANDHRA PRADESH,REGION - SOUTH,HSD/Diesel,2017,3663.50571
KARNATAKA,REGION - SOUTH,HSD/Diesel,2017,6610.33119
KERALA,REGION - SOUTH,HSD/Diesel,2017,2608.72838
LAKSHADWEEP,REGION - SOUTH,HSD/Diesel,2017,13.45454
PUDUCHERRY,REGION - SOUTH,HSD/Diesel,2017,332.67266
TAMIL NADU,REGION - SOUTH,HSD/Diesel,2017,6448.10696
TELANGANA,REGION - SOUTH,HSD/Diesel,2017,3684.5476
CHANDIGARH,REGION - NORTH,MS/Petrol,2018,122.6482811
DELHI,REGION - NORTH,MS/Petrol,2018,903.1135867
HARYANA,REGION - NORTH,MS/Petrol,2018,978.4594404
HIMACHAL PRADESH,REGION - NORTH,MS/Petrol,2018,224.6304593
JAMMU & KASHMIR,REGION - NORTH,MS/Petrol,2018,274.6975228
LADAKH,REGION - NORTH,MS/Petrol,2018,0
PUNJAB,REGION - NORTH,MS/Petrol,2018,879.2036285
RAJASTHAN,REGION - NORTH,MS/Petrol,2018,1550.675664
UTTAR PRADESH,REGION - NORTH,MS/Petrol,2018,3119.222726
UTTARAKHAND,REGION - NORTH,MS/Petrol,2018,309.238548
ARUNACHAL PRADESH,REGION - NORTH EAST,MS/Petrol,2018,46.15017137
ASSAM,REGION - NORTH EAST,MS/Petrol,2018,411.6324804
MANIPUR,REGION - NORTH EAST,MS/Petrol,2018,61.21305799
MEGHALAYA,REGION - NORTH EAST,MS/Petrol,2018,93.6749782
MIZORAM,REGION - NORTH EAST,MS/Petrol,2018,28.20440768
NAGALAND,REGION - NORTH EAST,MS/Petrol,2018,36.75238962
SIKKIM,REGION - NORTH EAST,MS/Petrol,2018,19.69522509
TRIPURA,REGION - NORTH EAST,MS/Petrol,2018,54.14570909
ANDAMAN & NICOBAR,REGION - EAST,MS/Petrol,2018,18.059522
BIHAR,REGION - EAST,MS/Petrol,2018,793.0028137
JHARKHAND,REGION - EAST,MS/Petrol,2018,487.0346237
ODISHA,REGION - EAST,MS/Petrol,2018,775.8954109
WEST BENGAL,REGION - EAST,MS/Petrol,2018,904.1281477
CHHATTISGARH,REGION - WEST,MS/Petrol,2018,559.6411143
DADRA & NAGAR HAVELI AND DAMAN & DIU,REGION - WEST,MS/Petrol,2018,42.75307551
GOA,REGION - WEST,MS/Petrol,2018,183.5581439
GUJARAT,REGION - WEST,MS/Petrol,2018,1976.003381
MADHYA PRADESH,REGION - WEST,MS/Petrol,2018,1372.128828
MAHARASHTRA,REGION - WEST,MS/Petrol,2018,3358.064543
ANDHRA PRADESH,REGION - SOUTH,MS/Petrol,2018,1161.894375
KARNATAKA,REGION - SOUTH,MS/Petrol,2018,2142.739187
KERALA,REGION - SOUTH,MS/Petrol,2018,1462.569637
LAKSHADWEEP,REGION - SOUTH,MS/Petrol,2018,0
PUDUCHERRY,REGION - SOUTH,MS/Petrol,2018,132.851037
TAMIL NADU,REGION - SOUTH,MS/Petrol,2018,2601.951708
TELANGANA,REGION - SOUTH,MS/Petrol,2018,1198.780155
CHANDIGARH,REGION - NORTH,HSD/Diesel,2018,192.4170649
DELHI,REGION - NORTH,HSD/Diesel,2018,1020.827298
HARYANA,REGION - NORTH,HSD/Diesel,2018,4847.026069
HIMACHAL PRADESH,REGION - NORTH,HSD/Diesel,2018,646.2491225
JAMMU & KASHMIR,REGION - NORTH,HSD/Diesel,2018,697.0047583
LADAKH,REGION - NORTH,HSD/Diesel,2018,
PUNJAB,REGION - NORTH,HSD/Diesel,2018,3216.730754
RAJASTHAN,REGION - NORTH,HSD/Diesel,2018,5440.437763
UTTAR PRADESH,REGION - NORTH,HSD/Diesel,2018,9453.407403
UTTARAKHAND,REGION - NORTH,HSD/Diesel,2018,762.2449897
ARUNACHAL PRADESH,REGION - NORTH EAST,HSD/Diesel,2018,150.1090392
ASSAM,REGION - NORTH EAST,HSD/Diesel,2018,984.5602791
MANIPUR,REGION - NORTH EAST,HSD/Diesel,2018,115.7930759
MEGHALAYA,REGION - NORTH EAST,HSD/Diesel,2018,343.6653648
MIZORAM,REGION - NORTH EAST,HSD/Diesel,2018,72.6266684
NAGALAND,REGION - NORTH EAST,HSD/Diesel,2018,77.49311305
SIKKIM,REGION - NORTH EAST,HSD/Diesel,2018,77.71122598
TRIPURA,REGION - NORTH EAST,HSD/Diesel,2018,93.56504754
ANDAMAN & NICOBAR,REGION - EAST,HSD/Diesel,2018,149.2459773
BIHAR,REGION - EAST,HSD/Diesel,2018,2441.779565
JHARKHAND,REGION - EAST,HSD/Diesel,2018,1901.405276
ODISHA,REGION - EAST,HSD/Diesel,2018,2613.310039
WEST BENGAL,REGION - EAST,HSD/Diesel,2018,3448.666916
CHHATTISGARH,REGION - WEST,HSD/Diesel,2018,1698.781461
DADRA & NAGAR HAVELI AND DAMAN & DIU,REGION - WEST,HSD/Diesel,2018,291.4333612
GOA,REGION - WEST,HSD/Diesel,2018,315.5425402
GUJARAT,REGION - WEST,HSD/Diesel,2018,5429.911969
MADHYA PRADESH,REGION - WEST,HSD/Diesel,2018,3797.464125
MAHARASHTRA,REGION - WEST,HSD/Diesel,2018,9291.816409
ANDHRA PRADESH,REGION - SOUTH,HSD/Diesel,2018,3947.159611
KARNATAKA,REGION - SOUTH,HSD/Diesel,2018,6904.564178
KERALA,REGION - SOUTH,HSD/Diesel,2018,2575.95389
LAKSHADWEEP,REGION - SOUTH,HSD/Diesel,2018,13.964845
PUDUCHERRY,REGION - SOUTH,HSD/Diesel,2018,314.1515042
TAMIL NADU,REGION - SOUTH,HSD/Diesel,2018,6354.306247
TELANGANA,REGION - SOUTH,HSD/Diesel,2018,3753.368971
CHANDIGARH,REGION - NORTH,MS/Petrol,2019,126.7970365
DELHI,REGION - NORTH,MS/Petrol,2019,875.9657402
HARYANA,REGION - NORTH,MS/Petrol,2019,1029.40036
HIMACHAL PRADESH,REGION - NORTH,MS/Petrol,2019,238.0266303
JAMMU & KASHMIR,REGION - NORTH,MS/Petrol,2019,300.3900238
LADAKH,REGION - NORTH,MS/Petrol,2019,3.587029844
PUNJAB,REGION - NORTH,MS/Petrol,2019,960.2426391
RAJASTHAN,REGION - NORTH,MS/Petrol,2019,1657.004014
UTTAR PRADESH,REGION - NORTH,MS/Petrol,2019,3319.91735
UTTARAKHAND,REGION - NORTH,MS/Petrol,2019,326.2756814
ARUNACHAL PRADESH,REGION - NORTH EAST,MS/Petrol,2019,51.77016924
ASSAM,REGION - NORTH EAST,MS/Petrol,2019,445.1451335
MANIPUR,REGION - NORTH EAST,MS/Petrol,2019,68.23197896
MEGHALAYA,REGION - NORTH EAST,MS/Petrol,2019,99.76422212
MIZORAM,REGION - NORTH EAST,MS/Petrol,2019,31.16631799
NAGALAND,REGION - NORTH EAST,MS/Petrol,2019,39.2270481
SIKKIM,REGION - NORTH EAST,MS/Petrol,2019,21.10934253
TRIPURA,REGION - NORTH EAST,MS/Petrol,2019,57.67840666
ANDAMAN & NICOBAR,REGION - EAST,MS/Petrol,2019,18.85783497
BIHAR,REGION - EAST,MS/Petrol,2019,852.0515942
JHARKHAND,REGION - EAST,MS/Petrol,2019,526.4540317
ODISHA,REGION - EAST,MS/Petrol,2019,834.4563391
WEST BENGAL,REGION - EAST,MS/Petrol,2019,996.0956013
CHHATTISGARH,REGION - WEST,MS/Petrol,2019,613.1378738
DADRA & NAGAR HAVELI AND DAMAN & DIU,REGION - WEST,MS/Petrol,2019,38.93220775
GOA,REGION - WEST,MS/Petrol,2019,186.069473
GUJARAT,REGION - WEST,MS/Petrol,2019,2066.810445
MADHYA PRADESH,REGION - WEST,MS/Petrol,2019,1463.685511
MAHARASHTRA,REGION - WEST,MS/Petrol,2019,3462.009271
ANDHRA PRADESH,REGION - SOUTH,MS/Petrol,2019,1278.382891
KARNATAKA,REGION - SOUTH,MS/Petrol,2019,2270.4912
KERALA,REGION - SOUTH,MS/Petrol,2019,1558.843463
LAKSHADWEEP,REGION - SOUTH,MS/Petrol,2019,0
PUDUCHERRY,REGION - SOUTH,MS/Petrol,2019,133.7641509
TAMIL NADU,REGION - SOUTH,MS/Petrol,2019,2735.449486
TELANGANA,REGION - SOUTH,MS/Petrol,2019,1288.297908
CHANDIGARH,REGION - NORTH,HSD/Diesel,2019,197.6855724
DELHI,REGION - NORTH,HSD/Diesel,2019,835.2596912
HARYANA,REGION - NORTH,HSD/Diesel,2019,4716.803855
HIMACHAL PRADESH,REGION - NORTH,HSD/Diesel,2019,667.6065456
JAMMU & KASHMIR,REGION - NORTH,HSD/Diesel,2019,675.5246487
LADAKH,REGION - NORTH,HSD/Diesel,2019,4.964996885
PUNJAB,REGION - NORTH,HSD/Diesel,2019,3213.735887
RAJASTHAN,REGION - NORTH,HSD/Diesel,2019,5271.862918
UTTAR PRADESH,REGION - NORTH,HSD/Diesel,2019,9484.927833
UTTARAKHAND,REGION - NORTH,HSD/Diesel,2019,744.0101747
ARUNACHAL PRADESH,REGION - NORTH EAST,HSD/Diesel,2019,161.4947447
ASSAM,REGION - NORTH EAST,HSD/Diesel,2019,1023.801074
MANIPUR,REGION - NORTH EAST,HSD/Diesel,2019,118.3720566
MEGHALAYA,REGION - NORTH EAST,HSD/Diesel,2019,355.9159137
MIZORAM,REGION - NORTH EAST,HSD/Diesel,2019,74.86990067
NAGALAND,REGION - NORTH EAST,HSD/Diesel,2019,90.43902873
SIKKIM,REGION - NORTH EAST,HSD/Diesel,2019,77.96191994
TRIPURA,REGION - NORTH EAST,HSD/Diesel,2019,86.79161469
ANDAMAN & NICOBAR,REGION - EAST,HSD/Diesel,2019,157.2043317
BIHAR,REGION - EAST,HSD/Diesel,2019,2366.744116
JHARKHAND,REGION - EAST,HSD/Diesel,2019,1968.420017
ODISHA,REGION - EAST,HSD/Diesel,2019,2661.744724
WEST BENGAL,REGION - EAST,HSD/Diesel,2019,3438.650419
CHHATTISGARH,REGION - WEST,HSD/Diesel,2019,1648.234945
DADRA & NAGAR HAVELI AND DAMAN & DIU,REGION - WEST,HSD/Diesel,2019,234.0076833
GOA,REGION - WEST,HSD/Diesel,2019,305.5113524
GUJARAT,REGION - WEST,HSD/Diesel,2019,5607.584528
MADHYA PRADESH,REGION - WEST,HSD/Diesel,2019,3654.912151
MAHARASHTRA,REGION - WEST,HSD/Diesel,2019,9528.949623
ANDHRA PRADESH,REGION - SOUTH,HSD/Diesel,2019,3833.617718
KARNATAKA,REGION - SOUTH,HSD/Diesel,2019,6601.845499
KERALA,REGION - SOUTH,HSD/Diesel,2019,2557.26263
LAKSHADWEEP,REGION - SOUTH,HSD/Diesel,2019,15.259493
PUDUCHERRY,REGION - SOUTH,HSD/Diesel,2019,290.3238366
TAMIL NADU,REGION - SOUTH,HSD/Diesel,2019,6191.293044
TELANGANA,REGION - SOUTH,HSD/Diesel,2019,3621.755778
CHANDIGARH,REGION - NORTH,MS/Petrol,2020,91.37782464
DELHI,REGION - NORTH,MS/Petrol,2020,668.8034468
HARYANA,REGION - NORTH,MS/Petrol,2020,1011.596185
HIMACHAL PRADESH,REGION - NORTH,MS/Petrol,2020,233.0930892
JAMMU & KASHMIR,REGION - NORTH,MS/Petrol,2020,273.1145548
LADAKH,REGION - NORTH,MS/Petrol,2020,12.46107424
PUNJAB,REGION - NORTH,MS/Petrol,2020,888.3600219
RAJASTHAN,REGION - NORTH,MS/Petrol,2020,1549.430057
UTTAR PRADESH,REGION - NORTH,MS/Petrol,2020,3210.064003
UTTARAKHAND,REGION - NORTH,MS/Petrol,2020,293.0090144
ARUNACHAL PRADESH,REGION - NORTH EAST,MS/Petrol,2020,50.59470167
ASSAM,REGION - NORTH EAST,MS/Petrol,2020,431.8529722
MANIPUR,REGION - NORTH EAST,MS/Petrol,2020,62.06134031
MEGHALAYA,REGION - NORTH EAST,MS/Petrol,2020,81.29359553
MIZORAM,REGION - NORTH EAST,MS/Petrol,2020,26.01450411
NAGALAND,REGION - NORTH EAST,MS/Petrol,2020,31.89375626
SIKKIM,REGION - NORTH EAST,MS/Petrol,2020,15.76066074
TRIPURA,REGION - NORTH EAST,MS/Petrol,2020,53.73596046
ANDAMAN & NICOBAR,REGION - EAST,MS/Petrol,2020,13.84968099
BIHAR,REGION - EAST,MS/Petrol,2020,848.944049
JHARKHAND,REGION - EAST,MS/Petrol,2020,512.5308534
ODISHA,REGION - EAST,MS/Petrol,2020,782.4012699
WEST BENGAL,REGION - EAST,MS/Petrol,2020,997.45813
CHHATTISGARH,REGION - WEST,MS/Petrol,2020,604.3239211
DADRA & NAGAR HAVELI AND DAMAN & DIU,REGION - WEST,MS/Petrol,2020,29.95586128
GOA,REGION - WEST,MS/Petrol,2020,145.1364462
GUJARAT,REGION - WEST,MS/Petrol,2020,1860.18762
MADHYA PRADESH,REGION - WEST,MS/Petrol,2020,1461.126501
MAHARASHTRA,REGION - WEST,MS/Petrol,2020,3014.383263
ANDHRA PRADESH,REGION - SOUTH,MS/Petrol,2020,1321.873287
KARNATAKA,REGION - SOUTH,MS/Petrol,2020,2123.918011
KERALA,REGION - SOUTH,MS/Petrol,2020,1371.104075
LAKSHADWEEP,REGION - SOUTH,MS/Petrol,2020,0
PUDUCHERRY,REGION - SOUTH,MS/Petrol,2020,108.3684771
TAMIL NADU,REGION - SOUTH,MS/Petrol,2020,2580.64562
TELANGANA,REGION - SOUTH,MS/Petrol,2020,1199.529817
CHANDIGARH,REGION - NORTH,HSD/Diesel,2020,126.5918182
DELHI,REGION - NORTH,HSD/Diesel,2020,499.1941134
HARYANA,REGION - NORTH,HSD/Diesel,2020,4434.891814
HIMACHAL PRADESH,REGION - NORTH,HSD/Diesel,2020,609.8053841
JAMMU & KASHMIR,REGION - NORTH,HSD/Diesel,2020,576.0081982
LADAKH,REGION - NORTH,HSD/Diesel,2020,56.10649403
PUNJAB,REGION - NORTH,HSD/Diesel,2020,2741.733867
RAJASTHAN,REGION - NORTH,HSD/Diesel,2020,4336.774269
UTTAR PRADESH,REGION - NORTH,HSD/Diesel,2020,9384.753761
UTTARAKHAND,REGION - NORTH,HSD/Diesel,2020,657.1608264
ARUNACHAL PRADESH,REGION - NORTH EAST,HSD/Diesel,2020,174.873772
ASSAM,REGION - NORTH EAST,HSD/Diesel,2020,904.0178558
MANIPUR,REGION - NORTH EAST,HSD/Diesel,2020,108.9560033
MEGHALAYA,REGION - NORTH EAST,HSD/Diesel,2020,281.0526167
MIZORAM,REGION - NORTH EAST,HSD/Diesel,2020,68.85485737
NAGALAND,REGION - NORTH EAST,HSD/Diesel,2020,88.92504063
SIKKIM,REGION - NORTH EAST,HSD/Diesel,2020,60.35225159
TRIPURA,REGION - NORTH EAST,HSD/Diesel,2020,88.65476955
ANDAMAN & NICOBAR,REGION - EAST,HSD/Diesel,2020,132.3897277
BIHAR,REGION - EAST,HSD/Diesel,2020,2136.600621
JHARKHAND,REGION - EAST,HSD/Diesel,2020,1741.521828
ODISHA,REGION - EAST,HSD/Diesel,2020,2534.506469
WEST BENGAL,REGION - EAST,HSD/Diesel,2020,3007.937252
CHHATTISGARH,REGION - WEST,HSD/Diesel,2020,1607.663313
DADRA & NAGAR HAVELI AND DAMAN & DIU,REGION - WEST,HSD/Diesel,2020,161.7385027
GOA,REGION - WEST,HSD/Diesel,2020,233.416451
GUJARAT,REGION - WEST,HSD/Diesel,2020,5089.835006
MADHYA PRADESH,REGION - WEST,HSD/Diesel,2020,3368.947858
MAHARASHTRA,REGION - WEST,HSD/Diesel,2020,8031.191093
ANDHRA PRADESH,REGION - SOUTH,HSD/Diesel,2020,3405.42787
KARNATAKA,REGION - SOUTH,HSD/Diesel,2020,5574.482299
KERALA,REGION - SOUTH,HSD/Diesel,2020,1922.660814
LAKSHADWEEP,REGION - SOUTH,HSD/Diesel,2020,15.982517
PUDUCHERRY,REGION - SOUTH,HSD/Diesel,2020,210.9232137
TAMIL NADU,REGION - SOUTH,HSD/Diesel,2020,5006.939089
TELANGANA,REGION - SOUTH,HSD/Diesel,2020,3253.326627
CHANDIGARH,REGION - NORTH,MS/Petrol,2021,110.0216136
DELHI,REGION - NORTH,MS/Petrol,2021,693.3142938
HARYANA,REGION - NORTH,MS/Petrol,2021,1113.691585
HIMACHAL PRADESH,REGION - NORTH,MS/Petrol,2021,272.264465
JAMMU & KASHMIR,REGION - NORTH,MS/Petrol,2021,316.3381853
LADAKH,REGION - NORTH,MS/Petrol,2021,16.79078325
PUNJAB,REGION - NORTH,MS/Petrol,2021,1015.847302
RAJASTHAN,REGION - NORTH,MS/Petrol,2021,1621.469967
UTTAR PRADESH,REGION - NORTH,MS/Petrol,2021,3696.102882
UTTARAKHAND,REGION - NORTH,MS/Petrol,2021,338.4407361
ARUNACHAL PRADESH,REGION - NORTH EAST,MS/Petrol,2021,55.4079273
ASSAM,REGION - NORTH EAST,MS/Petrol,2021,510.0075877
MANIPUR,REGION - NORTH EAST,MS/Petrol,2021,67.54896303
MEGHALAYA,REGION - NORTH EAST,MS/Petrol,2021,95.46459923
MIZORAM,REGION - NORTH EAST,MS/Petrol,2021,26.01467346
NAGALAND,REGION - NORTH EAST,MS/Petrol,2021,40.92283297
SIKKIM,REGION - NORTH EAST,MS/Petrol,2021,19.43856208
TRIPURA,REGION - NORTH EAST,MS/Petrol,2021,57.52931167
ANDAMAN & NICOBAR,REGION - EAST,MS/Petrol,2021,15.65990099
BIHAR,REGION - EAST,MS/Petrol,2021,926.6854534
JHARKHAND,REGION - EAST,MS/Petrol,2021,574.1362269
ODISHA,REGION - EAST,MS/Petrol,2021,863.884819
WEST BENGAL,REGION - EAST,MS/Petrol,2021,1076.936621
CHHATTISGARH,REGION - WEST,MS/Petrol,2021,660.8912761
DADRA & NAGAR HAVELI AND DAMAN & DIU,REGION - WEST,MS/Petrol,2021,38.62823498
GOA,REGION - WEST,MS/Petrol,2021,167.0467298
GUJARAT,REGION - WEST,MS/Petrol,2021,2134.027091
MADHYA PRADESH,REGION - WEST,MS/Petrol,2021,1542.726323
MAHARASHTRA,REGION - WEST,MS/Petrol,2021,3387.587792
ANDHRA PRADESH,REGION - SOUTH,MS/Petrol,2021,1419.412655
KARNATAKA,REGION - SOUTH,MS/Petrol,2021,2234.978271
KERALA,REGION - SOUTH,MS/Petrol,2021,1495.817428
LAKSHADWEEP,REGION - SOUTH,MS/Petrol,2021,0.005965004
PUDUCHERRY,REGION - SOUTH,MS/Petrol,2021,128.4716135
TAMIL NADU,REGION - SOUTH,MS/Petrol,2021,2758.093162
TELANGANA,REGION - SOUTH,MS/Petrol,2021,1357.337388
CHANDIGARH,REGION - NORTH,HSD/Diesel,2021,171.0287437
DELHI,REGION - NORTH,HSD/Diesel,2021,597.4676137
HARYANA,REGION - NORTH,HSD/Diesel,2021,4450.104973
HIMACHAL PRADESH,REGION - NORTH,HSD/Diesel,2021,776.6269921
JAMMU & KASHMIR,REGION - NORTH,HSD/Diesel,2021,698.5089483
LADAKH,REGION - NORTH,HSD/Diesel,2021,67.70046737
PUNJAB,REGION - NORTH,HSD/Diesel,2021,3112.969232
RAJASTHAN,REGION - NORTH,HSD/Diesel,2021,4452.394964
UTTAR PRADESH,REGION - NORTH,HSD/Diesel,2021,9496.285385
UTTARAKHAND,REGION - NORTH,HSD/Diesel,2021,699.6534447
ARUNACHAL PRADESH,REGION - NORTH EAST,HSD/Diesel,2021,192.4568934
ASSAM,REGION - NORTH EAST,HSD/Diesel,2021,1122.960065
MANIPUR,REGION - NORTH EAST,HSD/Diesel,2021,119.4182415
MEGHALAYA,REGION - NORTH EAST,HSD/Diesel,2021,331.1339049
MIZORAM,REGION - NORTH EAST,HSD/Diesel,2021,82.69213165
NAGALAND,REGION - NORTH EAST,HSD/Diesel,2021,101.1462654
SIKKIM,REGION - NORTH EAST,HSD/Diesel,2021,73.56601211
TRIPURA,REGION - NORTH EAST,HSD/Diesel,2021,94.70067526
ANDAMAN & NICOBAR,REGION - EAST,HSD/Diesel,2021,141.8725204
BIHAR,REGION - EAST,HSD/Diesel,2021,2055.145647
JHARKHAND,REGION - EAST,HSD/Diesel,2021,1660.603406
ODISHA,REGION - EAST,HSD/Diesel,2021,2593.64199
WEST BENGAL,REGION - EAST,HSD/Diesel,2021,2962.310454
CHHATTISGARH,REGION - WEST,HSD/Diesel,2021,1656.85473
DADRA & NAGAR HAVELI AND DAMAN & DIU,REGION - WEST,HSD/Diesel,2021,175.2825228
GOA,REGION - WEST,HSD/Diesel,2021,276.3651614
GUJARAT,REGION - WEST,HSD/Diesel,2021,5780.059878
MADHYA PRADESH,REGION - WEST,HSD/Diesel,2021,3375.011533
MAHARASHTRA,REGION - WEST,HSD/Diesel,2021,8322.086498
ANDHRA PRADESH,REGION - SOUTH,HSD/Diesel,2021,3432.196991
KARNATAKA,REGION - SOUTH,HSD/Diesel,2021,6203.608949
KERALA,REGION - SOUTH,HSD/Diesel,2021,2101.081284
LAKSHADWEEP,REGION - SOUTH,HSD/Diesel,2021,16.066275
PUDUCHERRY,REGION - SOUTH,HSD/Diesel,2021,300.2335523
TAMIL NADU,REGION - SOUTH,HSD/Diesel,2021,5371.121365
TELANGANA,REGION - SOUTH,HSD/Diesel,2021,3555.836666
CHANDIGARH,REGION - NORTH,MS/Petrol,2022,114.3683041
DELHI,REGION - NORTH,MS/Petrol,2022,899.5126192
HARYANA,REGION - NORTH,MS/Petrol,2022,1203.340841
HIMACHAL PRADESH,REGION - NORTH,MS/Petrol,2022,306.4364162
JAMMU & KASHMIR,REGION - NORTH,MS/Petrol,2022,354.7328038
LADAKH,REGION - NORTH,MS/Petrol,2022,20.34488998
PUNJAB,REGION - NORTH,MS/Petrol,2022,1133.513298
RAJASTHAN,REGION - NORTH,MS/Petrol,2022,1790.352037
UTTAR PRADESH,REGION - NORTH,MS/Petrol,2022,4103.397892
UTTARAKHAND,REGION - NORTH,MS/Petrol,2022,410.1995879
ARUNACHAL PRADESH,REGION - NORTH EAST,MS/Petrol,2022,66.70055512
ASSAM,REGION - NORTH EAST,MS/Petrol,2022,611.2101195
MANIPUR,REGION - NORTH EAST,MS/Petrol,2022,88.42449473
MEGHALAYA,REGION - NORTH EAST,MS/Petrol,2022,124.590831
MIZORAM,REGION - NORTH EAST,MS/Petrol,2022,35.43639759
NAGALAND,REGION - NORTH EAST,MS/Petrol,2022,51.17767347
SIKKIM,REGION - NORTH EAST,MS/Petrol,2022,26.46009243
TRIPURA,REGION - NORTH EAST,MS/Petrol,2022,64.29736541
ANDAMAN & NICOBAR,REGION - EAST,MS/Petrol,2022,19.39346596
BIHAR,REGION - EAST,MS/Petrol,2022,1034.251668
JHARKHAND,REGION - EAST,MS/Petrol,2022,660.3379481
ODISHA,REGION - EAST,MS/Petrol,2022,992.5455147
WEST BENGAL,REGION - EAST,MS/Petrol,2022,1191.083203
CHHATTISGARH,REGION - WEST,MS/Petrol,2022,743.3824058
DADRA & NAGAR HAVELI AND DAMAN & DIU,REGION - WEST,MS/Petrol,2022,44.16305602
GOA,REGION - WEST,MS/Petrol,2022,204.7323744
GUJARAT,REGION - WEST,MS/Petrol,2022,2397.812313
MADHYA PRADESH,REGION - WEST,MS/Petrol,2022,1705.265544
MAHARASHTRA,REGION - WEST,MS/Petrol,2022,3815.231438
ANDHRA PRADESH,REGION - SOUTH,MS/Petrol,2022,1504.149327
KARNATAKA,REGION - SOUTH,MS/Petrol,2022,2648.130844
KERALA,REGION - SOUTH,MS/Petrol,2022,1747.609757
LAKSHADWEEP,REGION - SOUTH,MS/Petrol,2022,0.729479008
PUDUCHERRY,REGION - SOUTH,MS/Petrol,2022,168.3428132
TAMIL NADU,REGION - SOUTH,MS/Petrol,2022,3152.897866
TELANGANA,REGION - SOUTH,MS/Petrol,2022,1541.401048
CHANDIGARH,REGION - NORTH,HSD/Diesel,2022,210.5672121
DELHI,REGION - NORTH,HSD/Diesel,2022,662.0209411
HARYANA,REGION - NORTH,HSD/Diesel,2022,4205.892094
HIMACHAL PRADESH,REGION - NORTH,HSD/Diesel,2022,1002.787339
JAMMU & KASHMIR,REGION - NORTH,HSD/Diesel,2022,821.6939106
LADAKH,REGION - NORTH,HSD/Diesel,2022,80.25210402
PUNJAB,REGION - NORTH,HSD/Diesel,2022,3264.820577
RAJASTHAN,REGION - NORTH,HSD/Diesel,2022,5073.774413
UTTAR PRADESH,REGION - NORTH,HSD/Diesel,2022,9858.559628
UTTARAKHAND,REGION - NORTH,HSD/Diesel,2022,779.6525428
ARUNACHAL PRADESH,REGION - NORTH EAST,HSD/Diesel,2022,227.0079334
ASSAM,REGION - NORTH EAST,HSD/Diesel,2022,1327.499633
MANIPUR,REGION - NORTH EAST,HSD/Diesel,2022,149.4715347
MEGHALAYA,REGION - NORTH EAST,HSD/Diesel,2022,397.3629615
MIZORAM,REGION - NORTH EAST,HSD/Diesel,2022,100.6766935
NAGALAND,REGION - NORTH EAST,HSD/Diesel,2022,109.8594349
SIKKIM,REGION - NORTH EAST,HSD/Diesel,2022,90.7546324
TRIPURA,REGION - NORTH EAST,HSD/Diesel,2022,101.3199362
ANDAMAN & NICOBAR,REGION - EAST,HSD/Diesel,2022,162.7555842
BIHAR,REGION - EAST,HSD/Diesel,2022,2398.440817
JHARKHAND,REGION - EAST,HSD/Diesel,2022,1754.762866
ODISHA,REGION - EAST,HSD/Diesel,2022,2929.119114
WEST BENGAL,REGION - EAST,HSD/Diesel,2022,3496.872237
CHHATTISGARH,REGION - WEST,HSD/Diesel,2022,1930.31684
DADRA & NAGAR HAVELI AND DAMAN & DIU,REGION - WEST,HSD/Diesel,2022,212.7313523
GOA,REGION - WEST,HSD/Diesel,2022,294.0147097
GUJARAT,REGION - WEST,HSD/Diesel,2022,6927.262572
MADHYA PRADESH,REGION - WEST,HSD/Diesel,2022,3884.518772
MAHARASHTRA,REGION - WEST,HSD/Diesel,2022,9291.043951
ANDHRA PRADESH,REGION - SOUTH,HSD/Diesel,2022,3460.415266
KARNATAKA,REGION - SOUTH,HSD/Diesel,2022,8042.016129
KERALA,REGION - SOUTH,HSD/Diesel,2022,2485.56646
LAKSHADWEEP,REGION - SOUTH,HSD/Diesel,2022,16.273504
PUDUCHERRY,REGION - SOUTH,HSD/Diesel,2022,553.0100887
TAMIL NADU,REGION - SOUTH,HSD/Diesel,2022,5999.306118
TELANGANA,REGION - SOUTH,HSD/Diesel,2022,3528.80466
CHANDIGARH,REGION - NORTH,MS/Petrol,2023,119.7830478
DELHI,REGION - NORTH,MS/Petrol,2023,960.2809945
HARYANA,REGION - NORTH,MS/Petrol,2023,1289.944374
HIMACHAL PRADESH,REGION - NORTH,MS/Petrol,2023,320.8233786
JAMMU & KASHMIR,REGION - NORTH,MS/Petrol,2023,380.2384131
LADAKH,REGION - NORTH,MS/Petrol,2023,21.70781605
PUNJAB,REGION - NORTH,MS/Petrol,2023,1182.925176
RAJASTHAN,REGION - NORTH,MS/Petrol,2023,1896.432757
UTTAR PRADESH,REGION - NORTH,MS/Petrol,2023,4368.628595
UTTARAKHAND,REGION - NORTH,MS/Petrol,2023,438.6559163
ARUNACHAL PRADESH,REGION - NORTH EAST,MS/Petrol,2023,77.994126
ASSAM,REGION - NORTH EAST,MS/Petrol,2023,668.1388142
MANIPUR,REGION - NORTH EAST,MS/Petrol,2023,75.49623736
MEGHALAYA,REGION - NORTH EAST,MS/Petrol,2023,135.480995
MIZORAM,REGION - NORTH EAST,MS/Petrol,2023,42.66893785
NAGALAND,REGION - NORTH EAST,MS/Petrol,2023,58.4637438
SIKKIM,REGION - NORTH EAST,MS/Petrol,2023,28.88564745
TRIPURA,REGION - NORTH EAST,MS/Petrol,2023,68.13649274
ANDAMAN & NICOBAR,REGION - EAST,MS/Petrol,2023,20.24133696
BIHAR,REGION - EAST,MS/Petrol,2023,1081.699768
JHARKHAND,REGION - EAST,MS/Petrol,2023,692.9918348
ODISHA,REGION - EAST,MS/Petrol,2023,1058.608772
WEST BENGAL,REGION - EAST,MS/Petrol,2023,1259.086711
CHHATTISGARH,REGION - WEST,MS/Petrol,2023,798.1460084
DADRA & NAGAR HAVELI AND DAMAN & DIU,REGION - WEST,MS/Petrol,2023,46.25747202
GOA,REGION - WEST,MS/Petrol,2023,216.641878
GUJARAT,REGION - WEST,MS/Petrol,2023,2546.102637
MADHYA PRADESH,REGION - WEST,MS/Petrol,2023,1825.126937
MAHARASHTRA,REGION - WEST,MS/Petrol,2023,4068.026104
ANDHRA PRADESH,REGION - SOUTH,MS/Petrol,2023,1571.437366
KARNATAKA,REGION - SOUTH,MS/Petrol,2023,2899.36371
KERALA,REGION - SOUTH,MS/Petrol,2023,1791.475548
LAKSHADWEEP,REGION - SOUTH,MS/Petrol,2023,1.261966003
PUDUCHERRY,REGION - SOUTH,MS/Petrol,2023,181.0565016
TAMIL NADU,REGION - SOUTH,MS/Petrol,2023,3352.043089
TELANGANA,REGION - SOUTH,MS/Petrol,2023,1675.095003
CHANDIGARH,REGION - NORTH,HSD/Diesel,2023,244.5845401
DELHI,REGION - NORTH,HSD/Diesel,2023,614.1923126
HARYANA,REGION - NORTH,HSD/Diesel,2023,4274.540327
HIMACHAL PRADESH,REGION - NORTH,HSD/Diesel,2023,795.1826501
JAMMU & KASHMIR,REGION - NORTH,HSD/Diesel,2023,916.1688812
LADAKH,REGION - NORTH,HSD/Diesel,2023,97.2833562
PUNJAB,REGION - NORTH,HSD/Diesel,2023,3466.9827
RAJASTHAN,REGION - NORTH,HSD/Diesel,2023,5495.016524
UTTAR PRADESH,REGION - NORTH,HSD/Diesel,2023,10307.55372
UTTARAKHAND,REGION - NORTH,HSD/Diesel,2023,815.2868
ARUNACHAL PRADESH,REGION - NORTH EAST,HSD/Diesel,2023,244.5251241
ASSAM,REGION - NORTH EAST,HSD/Diesel,2023,1312.199188
MANIPUR,REGION - NORTH EAST,HSD/Diesel,2023,103.6315599
MEGHALAYA,REGION - NORTH EAST,HSD/Diesel,2023,438.3997438
MIZORAM,REGION - NORTH EAST,HSD/Diesel,2023,111.2325514
NAGALAND,REGION - NORTH EAST,HSD/Diesel,2023,121.9433143
SIKKIM,REGION - NORTH EAST,HSD/Diesel,2023,89.88119336
TRIPURA,REGION - NORTH EAST,HSD/Diesel,2023,108.891975
ANDAMAN & NICOBAR,REGION - EAST,HSD/Diesel,2023,160.8157223
BIHAR,REGION - EAST,HSD/Diesel,2023,2366.859646
JHARKHAND,REGION - EAST,HSD/Diesel,2023,1888.51132
ODISHA,REGION - EAST,HSD/Diesel,2023,3286.803733
WEST BENGAL,REGION - EAST,HSD/Diesel,2023,3522.337089
CHHATTISGARH,REGION - WEST,HSD/Diesel,2023,2125.57398
DADRA & NAGAR HAVELI AND DAMAN & DIU,REGION - WEST,HSD/Diesel,2023,182.6402325
GOA,REGION - WEST,HSD/Diesel,2023,274.0355482
GUJARAT,REGION - WEST,HSD/Diesel,2023,7178.693137
MADHYA PRADESH,REGION - WEST,HSD/Diesel,2023,4163.666551
MAHARASHTRA,REGION - WEST,HSD/Diesel,2023,9926.711929
ANDHRA PRADESH,REGION - SOUTH,HSD/Diesel,2023,3639.501032
KARNATAKA,REGION - SOUTH,HSD/Diesel,2023,8350.588729
KERALA,REGION - SOUTH,HSD/Diesel,2023,2413.269699
LAKSHADWEEP,REGION - SOUTH,HSD/Diesel,2023,19.087928
PUDUCHERRY,REGION - SOUTH,HSD/Diesel,2023,572.7470671
TAMIL NADU,REGION - SOUTH,HSD/Diesel,2023,6287.178001
TELANGANA,REGION - SOUTH,HSD/Diesel,2023,3668.291379
CHANDIGARH,REGION - NORTH,MS/Petrol,2024,129.425
DELHI,REGION - NORTH,MS/Petrol,2024,1035.327
HARYANA,REGION - NORTH,MS/Petrol,2024,1430.32
HIMACHAL PRADESH,REGION - NORTH,MS/Petrol,2024,356.864
JAMMU & KASHMIR,REGION - NORTH,MS/Petrol,2024,412.931
LADAKH,REGION - NORTH,MS/Petrol,2024,22.36
PUNJAB,REGION - NORTH,MS/Petrol,2024,1252.426
RAJASTHAN,REGION - NORTH,MS/Petrol,2024,2035.678
UTTAR PRADESH,REGION - NORTH,MS/Petrol,2024,4832.791
UTTARAKHAND,REGION - NORTH,MS/Petrol,2024,488.611
ARUNACHAL PRADESH,REGION - NORTH EAST,MS/Petrol,2024,89.656
ASSAM,REGION - NORTH EAST,MS/Petrol,2024,720.135
MANIPUR,REGION - NORTH EAST,MS/Petrol,2024,83.287
MEGHALAYA,REGION - NORTH EAST,MS/Petrol,2024,146.804
MIZORAM,REGION - NORTH EAST,MS/Petrol,2024,59.28
NAGALAND,REGION - NORTH EAST,MS/Petrol,2024,59.778
SIKKIM,REGION - NORTH EAST,MS/Petrol,2024,30.496
TRIPURA,REGION - NORTH EAST,MS/Petrol,2024,70.895
ANDAMAN & NICOBAR,REGION - EAST,MS/Petrol,2024,21.787
BIHAR,REGION - EAST,MS/Petrol,2024,1161.232
JHARKHAND,REGION - EAST,MS/Petrol,2024,756.305
ODISHA,REGION - EAST,MS/Petrol,2024,1156.326
WEST BENGAL,REGION - EAST,MS/Petrol,2024,1378.713
CHHATTISGARH,REGION - WEST,MS/Petrol,2024,881.351
DADRA & NAGAR HAVELI AND DAMAN & DIU,REGION - WEST,MS/Petrol,2024,47.894
GOA,REGION - WEST,MS/Petrol,2024,227.114
GUJARAT,REGION - WEST,MS/Petrol,2024,2701.218
MADHYA PRADESH,REGION - WEST,MS/Petrol,2024,1955.161
MAHARASHTRA,REGION - WEST,MS/Petrol,2024,4370.547
ANDHRA PRADESH,REGION - SOUTH,MS/Petrol,2024,1627.316
KARNATAKA,REGION - SOUTH,MS/Petrol,2024,3054.319
KERALA,REGION - SOUTH,MS/Petrol,2024,1879.418
LAKSHADWEEP,REGION - SOUTH,MS/Petrol,2024,1.489
PUDUCHERRY,REGION - SOUTH,MS/Petrol,2024,192.318
TAMIL NADU,REGION - SOUTH,MS/Petrol,2024,3533.707
TELANGANA,REGION - SOUTH,MS/Petrol,2024,1801.248
CHANDIGARH,REGION - NORTH,HSD/Diesel,2024,257.1111157
DELHI,REGION - NORTH,HSD/Diesel,2024,557.6637577
HARYANA,REGION - NORTH,HSD/Diesel,2024,4285.761431
HIMACHAL PRADESH,REGION - NORTH,HSD/Diesel,2024,786.970892
JAMMU & KASHMIR,REGION - NORTH,HSD/Diesel,2024,941.5539056
LADAKH,REGION - NORTH,HSD/Diesel,2024,103.3633101
PUNJAB,REGION - NORTH,HSD/Diesel,2024,3347.14776
RAJASTHAN,REGION - NORTH,HSD/Diesel,2024,5814.202866
UTTAR PRADESH,REGION - NORTH,HSD/Diesel,2024,10636.32168
UTTARAKHAND,REGION - NORTH,HSD/Diesel,2024,821.7457925
ARUNACHAL PRADESH,REGION - NORTH EAST,HSD/Diesel,2024,253.0529379
ASSAM,REGION - NORTH EAST,HSD/Diesel,2024,1277.770723
MANIPUR,REGION - NORTH EAST,HSD/Diesel,2024,117.9583917
MEGHALAYA,REGION - NORTH EAST,HSD/Diesel,2024,412.7497374
MIZORAM,REGION - NORTH EAST,HSD/Diesel,2024,119.2969065
NAGALAND,REGION - NORTH EAST,HSD/Diesel,2024,127.2495606
SIKKIM,REGION - NORTH EAST,HSD/Diesel,2024,86.88969087
TRIPURA,REGION - NORTH EAST,HSD/Diesel,2024,118.099132
ANDAMAN & NICOBAR,REGION - EAST,HSD/Diesel,2024,178.7148176
BIHAR,REGION - EAST,HSD/Diesel,2024,2444.939134
JHARKHAND,REGION - EAST,HSD/Diesel,2024,2020.352904
ODISHA,REGION - EAST,HSD/Diesel,2024,3390.545569
WEST BENGAL,REGION - EAST,HSD/Diesel,2024,3546.413416
CHHATTISGARH,REGION - WEST,HSD/Diesel,2024,2318.150801
DADRA & NAGAR HAVELI AND DAMAN & DIU,REGION - WEST,HSD/Diesel,2024,172.651311
GOA,REGION - WEST,HSD/Diesel,2024,281.1404251
GUJARAT,REGION - WEST,HSD/Diesel,2024,7318.392167
MADHYA PRADESH,REGION - WEST,HSD/Diesel,2024,4392.476817
MAHARASHTRA,REGION - WEST,HSD/Diesel,2024,10450.48719
ANDHRA PRADESH,REGION - SOUTH,HSD/Diesel,2024,3512.231796
KARNATAKA,REGION - SOUTH,HSD/Diesel,2024,8258.829864
KERALA,REGION - SOUTH,HSD/Diesel,2024,2419.343127
LAKSHADWEEP,REGION - SOUTH,HSD/Diesel,2024,21.11908193
PUDUCHERRY,REGION - SOUTH,HSD/Diesel,2024,584.2836174
TAMIL NADU,REGION - SOUTH,HSD/Diesel,2024,6343.537355
TELANGANA,REGION - SOUTH,HSD/Diesel,2024,3646.873179
